timestamp,instance,run,fitness,feasible,n_cols,iters,evals,time_s,problem,transfer,rule,infeasible,varmin,varmax,pop,chaos,maxfes,stagnation,seed
2026-09-02T10:46:15,41,1,433.0,1,71,301,6010,5.83,SCP,v3,elit,repair,-5.0,5.0,10,2,6000,paper,2025
2026-09-02T10:46:21,41,2,433.0,1,71,301,6010,5.914,SCP,v3,elit,repair,-5.0,5.0,10,2,6000,paper,2026
2026-09-02T10:46:28,41,3,433.0,1,71,301,6010,6.396,SCP,v3,elit,repair,-5.0,5.0,10,2,6000,paper,2027
2026-09-02T10:46:34,41,4,433.0,1,71,301,6010,6.181,SCP,v3,elit,repair,-5.0,5.0,10,2,6000,paper,2028
2026-09-02T10:46:40,41,5,433.0,1,71,301,6010,5.951,SCP,v3,elit,repair,-5.0,5.0,10,2,6000,paper,2029
2026-09-02T10:46:46,41,6,433.0,1,71,301,6010,6.179,SCP,v3,elit,repair,-5.0,5.0,10,2,6000,paper,2030
2026-09-02T10:46:52,41,7,433.0,1,71,301,6010,6.211,SCP,v3,elit,repair,-5.0,5.0,10,2,6000,paper,2031
2026-09-02T10:46:58,41,8,433.0,1,71,301,6010,6.093,SCP,v3,elit,repair,-5.0,5.0,10,2,6000,paper,2032
2026-09-02T10:47:05,41,9,433.0,1,71,301,6010,6.423,SCP,v3,elit,repair,-5.0,5.0,10,2,6000,paper,2033
2026-09-02T10:47:11,41,10,433.0,1,71,301,6010,6.078,SCP,v3,elit,repair,-5.0,5.0,10,2,6000,paper,2034
2026-09-02T10:47:17,41,11,433.0,1,71,301,6010,6.012,SCP,v3,elit,repair,-5.0,5.0,10,2,6000,paper,2035
2026-09-02T10:47:23,41,12,433.0,1,71,301,6010,6.038,SCP,v3,elit,repair,-5.0,5.0,10,2,6000,paper,2036
2026-09-02T10:47:29,41,13,433.0,1,71,301,6010,6.226,SCP,v3,elit,repair,-5.0,5.0,10,2,6000,paper,2037
2026-09-02T10:47:35,41,14,433.0,1,71,301,6010,6.042,SCP,v3,elit,repair,-5.0,5.0,10,2,6000,paper,2038
2026-09-02T10:47:41,41,15,431.0,1,70,301,6010,5.778,SCP,v3,elit,repair,-5.0,5.0,10,2,6000,paper,2039
2026-09-02T10:47:47,41,16,433.0,1,71,301,6010,6.213,SCP,v3,elit,repair,-5.0,5.0,10,2,6000,paper,2040
2026-09-02T10:47:53,41,17,433.0,1,71,301,6010,6.313,SCP,v3,elit,repair,-5.0,5.0,10,2,6000,paper,2041
2026-09-02T10:47:59,41,18,433.0,1,71,301,6010,5.856,SCP,v3,elit,repair,-5.0,5.0,10,2,6000,paper,2042
2026-09-02T10:48:05,41,19,433.0,1,71,301,6010,6.022,SCP,v3,elit,repair,-5.0,5.0,10,2,6000,paper,2043
2026-09-02T10:48:11,41,20,433.0,1,71,301,6010,5.879,SCP,v3,elit,repair,-5.0,5.0,10,2,6000,paper,2044
2026-09-02T10:48:17,41,21,433.0,1,71,301,6010,5.727,SCP,v3,elit,repair,-5.0,5.0,10,2,6000,paper,2045
2026-09-02T10:48:23,41,22,433.0,1,71,301,6010,6.383,SCP,v3,elit,repair,-5.0,5.0,10,2,6000,paper,2046
2026-09-02T10:48:30,41,23,433.0,1,71,301,6010,6.403,SCP,v3,elit,repair,-5.0,5.0,10,2,6000,paper,2047
2026-09-02T10:48:36,41,24,433.0,1,71,301,6010,6.179,SCP,v3,elit,repair,-5.0,5.0,10,2,6000,paper,2048
2026-09-02T10:48:43,41,25,433.0,1,71,301,6010,7.179,SCP,v3,elit,repair,-5.0,5.0,10,2,6000,paper,2049
2026-09-02T10:48:51,41,26,433.0,1,71,301,6010,8.192,SCP,v3,elit,repair,-5.0,5.0,10,2,6000,paper,2050
2026-09-02T10:48:57,41,27,433.0,1,69,301,6010,5.924,SCP,v3,elit,repair,-5.0,5.0,10,2,6000,paper,2051
2026-09-02T10:49:04,41,28,433.0,1,71,301,6010,6.545,SCP,v3,elit,repair,-5.0,5.0,10,2,6000,paper,2052
2026-09-02T10:49:10,41,29,433.0,1,71,301,6010,6.289,SCP,v3,elit,repair,-5.0,5.0,10,2,6000,paper,2053
2026-09-02T10:49:16,41,30,433.0,1,71,301,6010,5.824,SCP,v3,elit,repair,-5.0,5.0,10,2,6000,paper,2054
2026-09-02T10:49:22,41,31,433.0,1,71,301,6010,6.255,SCP,v3,elit,repair,-5.0,5.0,10,2,6000,paper,2055
2026-09-02T10:49:29,42,1,522.0,1,62,301,6010,5.96,SCP,v3,elit,repair,-5.0,5.0,10,2,6000,paper,2025
2026-09-02T10:49:35,42,2,523.0,1,64,301,6010,5.825,SCP,v3,elit,repair,-5.0,5.0,10,2,6000,paper,2026
2026-09-02T10:49:40,42,3,524.0,1,63,301,6010,5.603,SCP,v3,elit,repair,-5.0,5.0,10,2,6000,paper,2027
2026-09-02T10:49:46,42,4,521.0,1,64,301,6010,5.883,SCP,v3,elit,repair,-5.0,5.0,10,2,6000,paper,2028
2026-09-02T10:49:52,42,5,523.0,1,64,301,6010,5.515,SCP,v3,elit,repair,-5.0,5.0,10,2,6000,paper,2029
2026-09-02T10:49:57,42,6,523.0,1,64,301,6010,5.736,SCP,v3,elit,repair,-5.0,5.0,10,2,6000,paper,2030
2026-09-02T10:50:03,42,7,525.0,1,65,301,6010,5.87,SCP,v3,elit,repair,-5.0,5.0,10,2,6000,paper,2031
2026-09-02T10:50:09,42,8,524.0,1,63,301,6010,6.011,SCP,v3,elit,repair,-5.0,5.0,10,2,6000,paper,2032
2026-09-02T10:50:15,42,9,522.0,1,62,301,6010,5.905,SCP,v3,elit,repair,-5.0,5.0,10,2,6000,paper,2033
2026-09-02T10:50:21,42,10,525.0,1,65,301,6010,5.893,SCP,v3,elit,repair,-5.0,5.0,10,2,6000,paper,2034
2026-09-02T10:50:27,42,11,523.0,1,64,301,6010,5.95,SCP,v3,elit,repair,-5.0,5.0,10,2,6000,paper,2035
2026-09-02T10:50:33,42,12,525.0,1,65,301,6010,5.922,SCP,v3,elit,repair,-5.0,5.0,10,2,6000,paper,2036
2026-09-02T10:50:39,42,13,522.0,1,62,301,6010,6.115,SCP,v3,elit,repair,-5.0,5.0,10,2,6000,paper,2037
2026-09-02T10:50:45,42,14,522.0,1,62,301,6010,5.757,SCP,v3,elit,repair,-5.0,5.0,10,2,6000,paper,2038
2026-09-02T10:50:51,42,15,524.0,1,63,301,6010,6.168,SCP,v3,elit,repair,-5.0,5.0,10,2,6000,paper,2039
2026-09-02T10:50:58,42,16,522.0,1,62,301,6010,6.617,SCP,v3,elit,repair,-5.0,5.0,10,2,6000,paper,2040
2026-09-02T10:51:03,42,17,523.0,1,64,301,6010,5.702,SCP,v3,elit,repair,-5.0,5.0,10,2,6000,paper,2041
2026-09-02T10:51:09,42,18,514.0,1,61,301,6010,5.891,SCP,v3,elit,repair,-5.0,5.0,10,2,6000,paper,2042
2026-09-02T10:51:15,42,19,525.0,1,65,301,6010,5.683,SCP,v3,elit,repair,-5.0,5.0,10,2,6000,paper,2043
2026-09-02T10:51:21,42,20,525.0,1,65,301,6010,5.716,SCP,v3,elit,repair,-5.0,5.0,10,2,6000,paper,2044
2026-09-02T10:51:26,42,21,525.0,1,65,301,6010,5.603,SCP,v3,elit,repair,-5.0,5.0,10,2,6000,paper,2045
2026-09-02T10:51:32,42,22,522.0,1,62,301,6010,5.766,SCP,v3,elit,repair,-5.0,5.0,10,2,6000,paper,2046
2026-09-02T10:51:38,42,23,524.0,1,63,301,6010,5.615,SCP,v3,elit,repair,-5.0,5.0,10,2,6000,paper,2047
2026-09-02T10:51:44,42,24,524.0,1,63,301,6010,6.406,SCP,v3,elit,repair,-5.0,5.0,10,2,6000,paper,2048
2026-09-02T10:51:50,42,25,524.0,1,63,301,6010,6.245,SCP,v3,elit,repair,-5.0,5.0,10,2,6000,paper,2049
2026-09-02T10:51:56,42,26,522.0,1,62,301,6010,6.101,SCP,v3,elit,repair,-5.0,5.0,10,2,6000,paper,2050
2026-09-02T10:52:02,42,27,524.0,1,63,301,6010,6.037,SCP,v3,elit,repair,-5.0,5.0,10,2,6000,paper,2051
2026-09-02T10:52:09,42,28,524.0,1,63,301,6010,6.098,SCP,v3,elit,repair,-5.0,5.0,10,2,6000,paper,2052
2026-09-02T10:52:15,42,29,525.0,1,65,301,6010,6.003,SCP,v3,elit,repair,-5.0,5.0,10,2,6000,paper,2053
2026-09-02T10:52:20,42,30,522.0,1,62,301,6010,5.516,SCP,v3,elit,repair,-5.0,5.0,10,2,6000,paper,2054
2026-09-02T10:52:26,42,31,524.0,1,63,301,6010,5.627,SCP,v3,elit,repair,-5.0,5.0,10,2,6000,paper,2055
2026-09-02T10:52:34,51,1,269.0,1,67,301,6010,7.571,SCP,v3,elit,repair,-5.0,5.0,10,2,6000,paper,2025
2026-09-02T10:52:43,51,2,266.0,1,69,301,6010,8.441,SCP,v3,elit,repair,-5.0,5.0,10,2,6000,paper,2026
2026-09-02T10:52:50,51,3,266.0,1,69,301,6010,7.457,SCP,v3,elit,repair,-5.0,5.0,10,2,6000,paper,2027
2026-09-02T10:52:58,51,4,267.0,1,65,301,6010,7.719,SCP,v3,elit,repair,-5.0,5.0,10,2,6000,paper,2028
2026-09-02T10:53:06,51,5,267.0,1,68,301,6010,7.809,SCP,v3,elit,repair,-5.0,5.0,10,2,6000,paper,2029
2026-09-02T10:53:13,51,6,264.0,1,68,301,6010,7.579,SCP,v3,elit,repair,-5.0,5.0,10,2,6000,paper,2030
2026-09-02T10:53:21,51,7,266.0,1,69,301,6010,7.93,SCP,v3,elit,repair,-5.0,5.0,10,2,6000,paper,2031
2026-09-02T10:53:29,51,8,267.0,1,69,301,6010,8.069,SCP,v3,elit,repair,-5.0,5.0,10,2,6000,paper,2032
2026-09-02T10:53:37,51,9,256.0,1,63,301,6010,8.04,SCP,v3,elit,repair,-5.0,5.0,10,2,6000,paper,2033
2026-09-02T10:53:45,51,10,266.0,1,67,301,6010,7.944,SCP,v3,elit,repair,-5.0,5.0,10,2,6000,paper,2034
2026-09-02T10:53:53,51,11,267.0,1,65,301,6010,7.541,SCP,v3,elit,repair,-5.0,5.0,10,2,6000,paper,2035
2026-09-02T10:54:01,51,12,267.0,1,69,301,6010,8.488,SCP,v3,elit,repair,-5.0,5.0,10,2,6000,paper,2036
2026-09-02T10:54:09,51,13,267.0,1,68,301,6010,8.231,SCP,v3,elit,repair,-5.0,5.0,10,2,6000,paper,2037
2026-09-02T10:54:18,51,14,266.0,1,70,301,6010,8.112,SCP,v3,elit,repair,-5.0,5.0,10,2,6000,paper,2038
2026-09-02T10:54:26,51,15,267.0,1,66,301,6010,8.074,SCP,v3,elit,repair,-5.0,5.0,10,2,6000,paper,2039
2026-09-02T10:54:33,51,16,264.0,1,68,301,6010,7.73,SCP,v3,elit,repair,-5.0,5.0,10,2,6000,paper,2040
2026-09-02T10:54:42,51,17,267.0,1,68,301,6010,8.125,SCP,v3,elit,repair,-5.0,5.0,10,2,6000,paper,2041
2026-09-02T10:54:50,51,18,267.0,1,69,301,6010,8.044,SCP,v3,elit,repair,-5.0,5.0,10,2,6000,paper,2042
2026-09-02T10:54:58,51,19,267.0,1,69,301,6010,7.999,SCP,v3,elit,repair,-5.0,5.0,10,2,6000,paper,2043
2026-09-02T10:55:05,51,20,253.0,1,62,301,6010,7.839,SCP,v3,elit,repair,-5.0,5.0,10,2,6000,paper,2044
2026-09-02T10:55:13,51,21,268.0,1,69,301,6010,7.977,SCP,v3,elit,repair,-5.0,5.0,10,2,6000,paper,2045
2026-09-02T10:55:21,51,22,263.0,1,67,301,6010,7.757,SCP,v3,elit,repair,-5.0,5.0,10,2,6000,paper,2046
2026-09-02T10:55:29,51,23,267.0,1,67,301,6010,8.04,SCP,v3,elit,repair,-5.0,5.0,10,2,6000,paper,2047
2026-09-02T10:55:37,51,24,266.0,1,70,301,6010,8.158,SCP,v3,elit,repair,-5.0,5.0,10,2,6000,paper,2048
2026-09-02T10:55:46,51,25,267.0,1,68,301,6010,8.311,SCP,v3,elit,repair,-5.0,5.0,10,2,6000,paper,2049
2026-09-02T10:55:54,51,26,266.0,1,69,301,6010,8.269,SCP,v3,elit,repair,-5.0,5.0,10,2,6000,paper,2050
2026-09-02T10:56:02,51,27,264.0,1,69,301,6010,7.777,SCP,v3,elit,repair,-5.0,5.0,10,2,6000,paper,2051
2026-09-02T10:56:10,51,28,267.0,1,69,301,6010,8.202,SCP,v3,elit,repair,-5.0,5.0,10,2,6000,paper,2052
2026-09-02T10:56:18,51,29,263.0,1,64,301,6010,7.899,SCP,v3,elit,repair,-5.0,5.0,10,2,6000,paper,2053
2026-09-02T10:56:26,51,30,266.0,1,69,301,6010,7.932,SCP,v3,elit,repair,-5.0,5.0,10,2,6000,paper,2054
2026-09-02T10:56:34,51,31,256.0,1,66,301,6010,7.953,SCP,v3,elit,repair,-5.0,5.0,10,2,6000,paper,2055
2026-09-02T10:56:43,52,1,315.0,1,67,301,6010,7.992,SCP,v3,elit,repair,-5.0,5.0,10,2,6000,paper,2025
2026-09-02T10:56:51,52,2,315.0,1,67,301,6010,8.415,SCP,v3,elit,repair,-5.0,5.0,10,2,6000,paper,2026
2026-09-02T10:57:00,52,3,315.0,1,67,301,6010,8.423,SCP,v3,elit,repair,-5.0,5.0,10,2,6000,paper,2027
2026-09-02T10:57:08,52,4,315.0,1,67,301,6010,7.913,SCP,v3,elit,repair,-5.0,5.0,10,2,6000,paper,2028
2026-09-02T10:57:15,52,5,315.0,1,67,301,6010,7.85,SCP,v3,elit,repair,-5.0,5.0,10,2,6000,paper,2029
2026-09-02T10:57:24,52,6,315.0,1,67,301,6010,8.571,SCP,v3,elit,repair,-5.0,5.0,10,2,6000,paper,2030
2026-09-02T10:57:33,52,7,315.0,1,67,301,6010,9.169,SCP,v3,elit,repair,-5.0,5.0,10,2,6000,paper,2031
2026-09-02T10:57:42,52,8,315.0,1,67,301,6010,8.429,SCP,v3,elit,repair,-5.0,5.0,10,2,6000,paper,2032
2026-09-02T10:57:50,52,9,315.0,1,67,301,6010,8.035,SCP,v3,elit,repair,-5.0,5.0,10,2,6000,paper,2033
2026-09-02T10:57:58,52,10,312.0,1,65,301,6010,8.024,SCP,v3,elit,repair,-5.0,5.0,10,2,6000,paper,2034
2026-09-02T10:58:06,52,11,312.0,1,65,301,6010,7.954,SCP,v3,elit,repair,-5.0,5.0,10,2,6000,paper,2035
2026-09-02T10:58:13,52,12,315.0,1,67,301,6010,7.805,SCP,v3,elit,repair,-5.0,5.0,10,2,6000,paper,2036
2026-09-02T10:58:21,52,13,315.0,1,67,301,6010,7.983,SCP,v3,elit,repair,-5.0,5.0,10,2,6000,paper,2037
2026-09-02T10:58:29,52,14,315.0,1,67,301,6010,7.97,SCP,v3,elit,repair,-5.0,5.0,10,2,6000,paper,2038
2026-09-02T10:58:37,52,15,315.0,1,67,301,6010,7.801,SCP,v3,elit,repair,-5.0,5.0,10,2,6000,paper,2039
2026-09-02T10:58:46,52,16,315.0,1,67,301,6010,8.297,SCP,v3,elit,repair,-5.0,5.0,10,2,6000,paper,2040
2026-09-02T10:58:54,52,17,315.0,1,67,301,6010,8.081,SCP,v3,elit,repair,-5.0,5.0,10,2,6000,paper,2041
2026-09-02T10:59:02,52,18,315.0,1,67,301,6010,8.321,SCP,v3,elit,repair,-5.0,5.0,10,2,6000,paper,2042
2026-09-02T10:59:10,52,19,317.0,1,65,301,6010,8.082,SCP,v3,elit,repair,-5.0,5.0,10,2,6000,paper,2043
2026-09-02T10:59:18,52,20,315.0,1,67,301,6010,8.019,SCP,v3,elit,repair,-5.0,5.0,10,2,6000,paper,2044
2026-09-02T10:59:26,52,21,315.0,1,67,301,6010,7.899,SCP,v3,elit,repair,-5.0,5.0,10,2,6000,paper,2045
2026-09-02T10:59:34,52,22,315.0,1,67,301,6010,8.004,SCP,v3,elit,repair,-5.0,5.0,10,2,6000,paper,2046
2026-09-02T10:59:42,52,23,315.0,1,67,301,6010,7.99,SCP,v3,elit,repair,-5.0,5.0,10,2,6000,paper,2047
2026-09-02T10:59:50,52,24,315.0,1,67,301,6010,8.024,SCP,v3,elit,repair,-5.0,5.0,10,2,6000,paper,2048
2026-09-02T10:59:58,52,25,312.0,1,65,301,6010,8.298,SCP,v3,elit,repair,-5.0,5.0,10,2,6000,paper,2049
2026-09-02T11:00:06,52,26,315.0,1,67,301,6010,7.929,SCP,v3,elit,repair,-5.0,5.0,10,2,6000,paper,2050
2026-09-02T11:00:14,52,27,315.0,1,67,301,6010,7.833,SCP,v3,elit,repair,-5.0,5.0,10,2,6000,paper,2051
2026-09-02T11:00:22,52,28,315.0,1,67,301,6010,7.894,SCP,v3,elit,repair,-5.0,5.0,10,2,6000,paper,2052
2026-09-02T11:00:30,52,29,315.0,1,67,301,6010,8.049,SCP,v3,elit,repair,-5.0,5.0,10,2,6000,paper,2053
2026-09-02T11:00:38,52,30,315.0,1,67,301,6010,7.99,SCP,v3,elit,repair,-5.0,5.0,10,2,6000,paper,2054
2026-09-02T11:00:46,52,31,315.0,1,67,301,6010,8.125,SCP,v3,elit,repair,-5.0,5.0,10,2,6000,paper,2055
2026-09-02T11:00:52,61,1,141.0,1,37,301,6010,4.769,SCP,v3,elit,repair,-5.0,5.0,10,2,6000,paper,2025
2026-09-02T11:00:57,61,2,141.0,1,37,301,6010,4.629,SCP,v3,elit,repair,-5.0,5.0,10,2,6000,paper,2026
2026-09-02T11:01:01,61,3,141.0,1,37,301,6010,4.788,SCP,v3,elit,repair,-5.0,5.0,10,2,6000,paper,2027
2026-09-02T11:01:06,61,4,143.0,1,37,301,6010,4.833,SCP,v3,elit,repair,-5.0,5.0,10,2,6000,paper,2028
2026-09-02T11:01:11,61,5,141.0,1,37,301,6010,4.79,SCP,v3,elit,repair,-5.0,5.0,10,2,6000,paper,2029
2026-09-02T11:01:15,61,6,141.0,1,37,301,6010,4.528,SCP,v3,elit,repair,-5.0,5.0,10,2,6000,paper,2030
2026-09-02T11:01:20,61,7,141.0,1,37,301,6010,4.812,SCP,v3,elit,repair,-5.0,5.0,10,2,6000,paper,2031
2026-09-02T11:01:25,61,8,144.0,1,40,301,6010,4.761,SCP,v3,elit,repair,-5.0,5.0,10,2,6000,paper,2032
2026-09-02T11:01:30,61,9,143.0,1,37,301,6010,4.778,SCP,v3,elit,repair,-5.0,5.0,10,2,6000,paper,2033
2026-09-02T11:01:35,61,10,141.0,1,37,301,6010,4.727,SCP,v3,elit,repair,-5.0,5.0,10,2,6000,paper,2034
2026-09-02T11:01:39,61,11,141.0,1,37,301,6010,4.762,SCP,v3,elit,repair,-5.0,5.0,10,2,6000,paper,2035
2026-09-02T11:01:44,61,12,141.0,1,37,301,6010,4.51,SCP,v3,elit,repair,-5.0,5.0,10,2,6000,paper,2036
2026-09-02T11:01:49,61,13,141.0,1,37,301,6010,5.155,SCP,v3,elit,repair,-5.0,5.0,10,2,6000,paper,2037
2026-09-02T11:01:54,61,14,141.0,1,37,301,6010,4.882,SCP,v3,elit,repair,-5.0,5.0,10,2,6000,paper,2038
2026-09-02T11:01:59,61,15,141.0,1,37,301,6010,4.838,SCP,v3,elit,repair,-5.0,5.0,10,2,6000,paper,2039
2026-09-02T11:02:04,61,16,141.0,1,37,301,6010,4.872,SCP,v3,elit,repair,-5.0,5.0,10,2,6000,paper,2040
2026-09-02T11:02:08,61,17,141.0,1,37,301,6010,4.589,SCP,v3,elit,repair,-5.0,5.0,10,2,6000,paper,2041
2026-09-02T11:02:13,61,18,141.0,1,37,301,6010,4.538,SCP,v3,elit,repair,-5.0,5.0,10,2,6000,paper,2042
2026-09-02T11:02:18,61,19,141.0,1,37,301,6010,4.945,SCP,v3,elit,repair,-5.0,5.0,10,2,6000,paper,2043
2026-09-02T11:02:22,61,20,141.0,1,37,301,6010,4.631,SCP,v3,elit,repair,-5.0,5.0,10,2,6000,paper,2044
2026-09-02T11:02:27,61,21,144.0,1,39,301,6010,4.895,SCP,v3,elit,repair,-5.0,5.0,10,2,6000,paper,2045
2026-09-02T11:02:32,61,22,141.0,1,37,301,6010,4.651,SCP,v3,elit,repair,-5.0,5.0,10,2,6000,paper,2046
2026-09-02T11:02:37,61,23,141.0,1,37,301,6010,4.617,SCP,v3,elit,repair,-5.0,5.0,10,2,6000,paper,2047
2026-09-02T11:02:42,61,24,141.0,1,37,301,6010,5.714,SCP,v3,elit,repair,-5.0,5.0,10,2,6000,paper,2048
2026-09-02T11:02:47,61,25,141.0,1,37,301,6010,4.669,SCP,v3,elit,repair,-5.0,5.0,10,2,6000,paper,2049
2026-09-02T11:02:52,61,26,141.0,1,37,301,6010,4.79,SCP,v3,elit,repair,-5.0,5.0,10,2,6000,paper,2050
2026-09-02T11:02:56,61,27,141.0,1,37,301,6010,4.594,SCP,v3,elit,repair,-5.0,5.0,10,2,6000,paper,2051
2026-09-02T11:03:01,61,28,141.0,1,37,301,6010,4.769,SCP,v3,elit,repair,-5.0,5.0,10,2,6000,paper,2052
2026-09-02T11:03:06,61,29,141.0,1,37,301,6010,4.92,SCP,v3,elit,repair,-5.0,5.0,10,2,6000,paper,2053
2026-09-02T11:03:11,61,30,143.0,1,37,301,6010,4.825,SCP,v3,elit,repair,-5.0,5.0,10,2,6000,paper,2054
2026-09-02T11:03:16,61,31,142.0,1,36,301,6010,4.744,SCP,v3,elit,repair,-5.0,5.0,10,2,6000,paper,2055
2026-09-02T11:03:21,62,1,151.0,1,37,301,6010,4.602,SCP,v3,elit,repair,-5.0,5.0,10,2,6000,paper,2025
2026-09-02T11:03:26,62,2,153.0,1,36,301,6010,4.972,SCP,v3,elit,repair,-5.0,5.0,10,2,6000,paper,2026
2026-09-02T11:03:31,62,3,151.0,1,37,301,6010,4.84,SCP,v3,elit,repair,-5.0,5.0,10,2,6000,paper,2027
2026-09-02T11:03:35,62,4,148.0,1,37,301,6010,4.726,SCP,v3,elit,repair,-5.0,5.0,10,2,6000,paper,2028
2026-09-02T11:03:40,62,5,150.0,1,37,301,6010,4.666,SCP,v3,elit,repair,-5.0,5.0,10,2,6000,paper,2029
2026-09-02T11:03:45,62,6,148.0,1,37,301,6010,4.95,SCP,v3,elit,repair,-5.0,5.0,10,2,6000,paper,2030
2026-09-02T11:03:50,62,7,146.0,1,36,301,6010,5.204,SCP,v3,elit,repair,-5.0,5.0,10,2,6000,paper,2031
2026-09-02T11:03:56,62,8,151.0,1,37,301,6010,5.722,SCP,v3,elit,repair,-5.0,5.0,10,2,6000,paper,2032
2026-09-02T11:04:02,62,9,151.0,1,37,301,6010,5.592,SCP,v3,elit,repair,-5.0,5.0,10,2,6000,paper,2033
2026-09-02T11:04:07,62,10,150.0,1,37,301,6010,5.219,SCP,v3,elit,repair,-5.0,5.0,10,2,6000,paper,2034
2026-09-02T11:04:12,62,11,148.0,1,37,301,6010,5.086,SCP,v3,elit,repair,-5.0,5.0,10,2,6000,paper,2035
2026-09-02T11:04:17,62,12,151.0,1,37,301,6010,4.867,SCP,v3,elit,repair,-5.0,5.0,10,2,6000,paper,2036
2026-09-02T11:04:21,62,13,148.0,1,37,301,6010,4.725,SCP,v3,elit,repair,-5.0,5.0,10,2,6000,paper,2037
2026-09-02T11:04:26,62,14,148.0,1,37,301,6010,4.832,SCP,v3,elit,repair,-5.0,5.0,10,2,6000,paper,2038
2026-09-02T11:04:31,62,15,151.0,1,37,301,6010,4.827,SCP,v3,elit,repair,-5.0,5.0,10,2,6000,paper,2039
2026-09-02T11:04:36,62,16,148.0,1,37,301,6010,4.956,SCP,v3,elit,repair,-5.0,5.0,10,2,6000,paper,2040
2026-09-02T11:04:41,62,17,150.0,1,37,301,6010,4.695,SCP,v3,elit,repair,-5.0,5.0,10,2,6000,paper,2041
2026-09-02T11:04:46,62,18,151.0,1,37,301,6010,5.087,SCP,v3,elit,repair,-5.0,5.0,10,2,6000,paper,2042
2026-09-02T11:04:51,62,19,151.0,1,37,301,6010,4.886,SCP,v3,elit,repair,-5.0,5.0,10,2,6000,paper,2043
2026-09-02T11:04:55,62,20,151.0,1,37,301,6010,4.669,SCP,v3,elit,repair,-5.0,5.0,10,2,6000,paper,2044
2026-09-02T11:05:00,62,21,148.0,1,37,301,6010,4.701,SCP,v3,elit,repair,-5.0,5.0,10,2,6000,paper,2045
2026-09-02T11:05:05,62,22,150.0,1,37,301,6010,4.879,SCP,v3,elit,repair,-5.0,5.0,10,2,6000,paper,2046
2026-09-02T11:05:12,62,23,148.0,1,37,301,6010,7.357,SCP,v3,elit,repair,-5.0,5.0,10,2,6000,paper,2047
2026-09-02T11:05:18,62,24,148.0,1,37,301,6010,5.388,SCP,v3,elit,repair,-5.0,5.0,10,2,6000,paper,2048
2026-09-02T11:05:23,62,25,151.0,1,37,301,6010,5.677,SCP,v3,elit,repair,-5.0,5.0,10,2,6000,paper,2049
2026-09-02T11:05:29,62,26,148.0,1,37,301,6010,5.106,SCP,v3,elit,repair,-5.0,5.0,10,2,6000,paper,2050
2026-09-02T11:05:34,62,27,151.0,1,37,301,6010,5.144,SCP,v3,elit,repair,-5.0,5.0,10,2,6000,paper,2051
2026-09-02T11:05:39,62,28,151.0,1,37,301,6010,5.173,SCP,v3,elit,repair,-5.0,5.0,10,2,6000,paper,2052
2026-09-02T11:05:44,62,29,151.0,1,37,301,6010,4.817,SCP,v3,elit,repair,-5.0,5.0,10,2,6000,paper,2053
2026-09-02T11:05:48,62,30,151.0,1,37,301,6010,4.517,SCP,v3,elit,repair,-5.0,5.0,10,2,6000,paper,2054
2026-09-02T11:05:53,62,31,151.0,1,37,301,6010,5.194,SCP,v3,elit,repair,-5.0,5.0,10,2,6000,paper,2055
2026-09-02T11:06:10,a1,1,257.0,1,72,301,6010,16.323,SCP,v3,elit,repair,-5.0,5.0,10,2,6000,paper,2025
2026-09-02T11:06:24,a1,2,257.0,1,72,301,6010,13.943,SCP,v3,elit,repair,-5.0,5.0,10,2,6000,paper,2026
2026-09-02T11:06:38,a1,3,257.0,1,72,301,6010,14.171,SCP,v3,elit,repair,-5.0,5.0,10,2,6000,paper,2027
2026-09-02T11:06:53,a1,4,257.0,1,73,301,6010,15.01,SCP,v3,elit,repair,-5.0,5.0,10,2,6000,paper,2028
2026-09-02T11:07:08,a1,5,257.0,1,74,301,6010,14.997,SCP,v3,elit,repair,-5.0,5.0,10,2,6000,paper,2029
2026-09-02T11:07:22,a1,6,257.0,1,72,301,6010,13.645,SCP,v3,elit,repair,-5.0,5.0,10,2,6000,paper,2030
2026-09-02T11:07:37,a1,7,256.0,1,71,301,6010,15.0,SCP,v3,elit,repair,-5.0,5.0,10,2,6000,paper,2031
2026-09-02T11:07:51,a1,8,256.0,1,71,301,6010,13.965,SCP,v3,elit,repair,-5.0,5.0,10,2,6000,paper,2032
2026-09-02T11:08:06,a1,9,257.0,1,71,301,6010,14.645,SCP,v3,elit,repair,-5.0,5.0,10,2,6000,paper,2033
2026-09-02T11:08:21,a1,10,256.0,1,70,301,6010,15.499,SCP,v3,elit,repair,-5.0,5.0,10,2,6000,paper,2034
2026-09-02T11:08:36,a1,11,257.0,1,74,301,6010,14.697,SCP,v3,elit,repair,-5.0,5.0,10,2,6000,paper,2035
2026-09-02T11:08:49,a1,12,256.0,1,70,301,6010,13.447,SCP,v3,elit,repair,-5.0,5.0,10,2,6000,paper,2036
2026-09-02T11:09:03,a1,13,257.0,1,70,301,6010,13.917,SCP,v3,elit,repair,-5.0,5.0,10,2,6000,paper,2037
2026-09-02T11:09:17,a1,14,257.0,1,73,301,6010,13.35,SCP,v3,elit,repair,-5.0,5.0,10,2,6000,paper,2038
2026-09-02T11:09:33,a1,15,257.0,1,70,301,6010,16.065,SCP,v3,elit,repair,-5.0,5.0,10,2,6000,paper,2039
2026-09-02T11:09:49,a1,16,257.0,1,72,301,6010,15.806,SCP,v3,elit,repair,-5.0,5.0,10,2,6000,paper,2040
2026-09-02T11:10:05,a1,17,257.0,1,74,301,6010,16.252,SCP,v3,elit,repair,-5.0,5.0,10,2,6000,paper,2041
2026-09-02T11:10:20,a1,18,257.0,1,72,301,6010,14.965,SCP,v3,elit,repair,-5.0,5.0,10,2,6000,paper,2042
2026-09-02T11:10:36,a1,19,256.0,1,71,301,6010,15.81,SCP,v3,elit,repair,-5.0,5.0,10,2,6000,paper,2043
2026-09-02T11:10:52,a1,20,257.0,1,71,301,6010,15.918,SCP,v3,elit,repair,-5.0,5.0,10,2,6000,paper,2044
2026-09-02T11:11:06,a1,21,257.0,1,70,301,6010,14.622,SCP,v3,elit,repair,-5.0,5.0,10,2,6000,paper,2045
2026-09-02T11:11:21,a1,22,257.0,1,73,301,6010,14.743,SCP,v3,elit,repair,-5.0,5.0,10,2,6000,paper,2046
2026-09-02T11:11:35,a1,23,257.0,1,72,301,6010,14.382,SCP,v3,elit,repair,-5.0,5.0,10,2,6000,paper,2047
2026-09-02T11:11:51,a1,24,257.0,1,73,301,6010,15.49,SCP,v3,elit,repair,-5.0,5.0,10,2,6000,paper,2048
2026-09-02T11:12:06,a1,25,257.0,1,73,301,6010,14.672,SCP,v3,elit,repair,-5.0,5.0,10,2,6000,paper,2049
2026-09-02T11:12:21,a1,26,256.0,1,71,301,6010,15.378,SCP,v3,elit,repair,-5.0,5.0,10,2,6000,paper,2050
2026-09-02T11:12:35,a1,27,257.0,1,72,301,6010,14.06,SCP,v3,elit,repair,-5.0,5.0,10,2,6000,paper,2051
2026-09-02T11:12:50,a1,28,257.0,1,73,301,6010,14.674,SCP,v3,elit,repair,-5.0,5.0,10,2,6000,paper,2052
2026-09-02T11:13:03,a1,29,257.0,1,72,301,6010,13.845,SCP,v3,elit,repair,-5.0,5.0,10,2,6000,paper,2053
2026-09-02T11:13:17,a1,30,257.0,1,72,301,6010,13.046,SCP,v3,elit,repair,-5.0,5.0,10,2,6000,paper,2054
2026-09-02T11:13:29,a1,31,257.0,1,74,301,6010,12.538,SCP,v3,elit,repair,-5.0,5.0,10,2,6000,paper,2055
2026-09-02T11:13:45,a2,1,256.0,1,74,301,6010,14.889,SCP,v3,elit,repair,-5.0,5.0,10,2,6000,paper,2025
2026-09-02T11:13:59,a2,2,254.0,1,73,301,6010,13.857,SCP,v3,elit,repair,-5.0,5.0,10,2,6000,paper,2026
2026-09-02T11:14:14,a2,3,257.0,1,71,301,6010,14.59,SCP,v3,elit,repair,-5.0,5.0,10,2,6000,paper,2027
2026-09-02T11:14:29,a2,4,258.0,1,75,301,6010,15.213,SCP,v3,elit,repair,-5.0,5.0,10,2,6000,paper,2028
2026-09-02T11:14:44,a2,5,258.0,1,75,301,6010,15.22,SCP,v3,elit,repair,-5.0,5.0,10,2,6000,paper,2029
2026-09-02T11:14:58,a2,6,261.0,1,76,301,6010,13.907,SCP,v3,elit,repair,-5.0,5.0,10,2,6000,paper,2030
2026-09-02T11:15:11,a2,7,258.0,1,75,301,6010,13.298,SCP,v3,elit,repair,-5.0,5.0,10,2,6000,paper,2031
2026-09-02T11:15:25,a2,8,256.0,1,74,301,6010,13.936,SCP,v3,elit,repair,-5.0,5.0,10,2,6000,paper,2032
2026-09-02T11:15:39,a2,9,255.0,1,73,301,6010,13.549,SCP,v3,elit,repair,-5.0,5.0,10,2,6000,paper,2033
2026-09-02T11:15:52,a2,10,258.0,1,75,301,6010,12.939,SCP,v3,elit,repair,-5.0,5.0,10,2,6000,paper,2034
2026-09-02T11:16:07,a2,11,262.0,1,74,301,6010,15.392,SCP,v3,elit,repair,-5.0,5.0,10,2,6000,paper,2035
2026-09-02T11:16:22,a2,12,258.0,1,75,301,6010,14.602,SCP,v3,elit,repair,-5.0,5.0,10,2,6000,paper,2036
2026-09-02T11:16:38,a2,13,258.0,1,75,301,6010,16.312,SCP,v3,elit,repair,-5.0,5.0,10,2,6000,paper,2037
2026-09-02T11:16:55,a2,14,261.0,1,77,301,6010,16.435,SCP,v3,elit,repair,-5.0,5.0,10,2,6000,paper,2038
2026-09-02T11:17:10,a2,15,258.0,1,75,301,6010,15.045,SCP,v3,elit,repair,-5.0,5.0,10,2,6000,paper,2039
2026-09-02T11:17:24,a2,16,257.0,1,74,301,6010,14.119,SCP,v3,elit,repair,-5.0,5.0,10,2,6000,paper,2040
2026-09-02T11:17:38,a2,17,256.0,1,73,301,6010,13.914,SCP,v3,elit,repair,-5.0,5.0,10,2,6000,paper,2041
2026-09-02T11:17:52,a2,18,258.0,1,75,301,6010,14.238,SCP,v3,elit,repair,-5.0,5.0,10,2,6000,paper,2042
2026-09-02T11:18:06,a2,19,263.0,1,75,301,6010,14.336,SCP,v3,elit,repair,-5.0,5.0,10,2,6000,paper,2043
2026-09-02T11:18:21,a2,20,258.0,1,75,301,6010,14.464,SCP,v3,elit,repair,-5.0,5.0,10,2,6000,paper,2044
2026-09-02T11:18:34,a2,21,258.0,1,75,301,6010,12.828,SCP,v3,elit,repair,-5.0,5.0,10,2,6000,paper,2045
2026-09-02T11:18:48,a2,22,258.0,1,75,301,6010,14.097,SCP,v3,elit,repair,-5.0,5.0,10,2,6000,paper,2046
2026-09-02T11:19:03,a2,23,258.0,1,77,301,6010,15.755,SCP,v3,elit,repair,-5.0,5.0,10,2,6000,paper,2047
2026-09-02T11:19:17,a2,24,258.0,1,77,301,6010,13.814,SCP,v3,elit,repair,-5.0,5.0,10,2,6000,paper,2048
2026-09-02T11:19:32,a2,25,258.0,1,75,301,6010,15.196,SCP,v3,elit,repair,-5.0,5.0,10,2,6000,paper,2049
2026-09-02T11:19:48,a2,26,259.0,1,72,301,6010,15.415,SCP,v3,elit,repair,-5.0,5.0,10,2,6000,paper,2050
2026-09-02T11:20:03,a2,27,263.0,1,78,301,6010,15.27,SCP,v3,elit,repair,-5.0,5.0,10,2,6000,paper,2051
2026-09-02T11:20:18,a2,28,258.0,1,75,301,6010,14.767,SCP,v3,elit,repair,-5.0,5.0,10,2,6000,paper,2052
2026-09-02T11:20:33,a2,29,256.0,1,74,301,6010,14.948,SCP,v3,elit,repair,-5.0,5.0,10,2,6000,paper,2053
2026-09-02T11:20:48,a2,30,258.0,1,75,301,6010,14.893,SCP,v3,elit,repair,-5.0,5.0,10,2,6000,paper,2054
2026-09-02T11:21:03,a2,31,259.0,1,74,301,6010,15.532,SCP,v3,elit,repair,-5.0,5.0,10,2,6000,paper,2055
2026-09-02T11:21:17,b1,1,69.0,1,39,301,6010,12.562,SCP,v3,elit,repair,-5.0,5.0,10,2,6000,paper,2025
2026-09-02T11:21:30,b1,2,69.0,1,39,301,6010,12.24,SCP,v3,elit,repair,-5.0,5.0,10,2,6000,paper,2026
2026-09-02T11:21:42,b1,3,69.0,1,39,301,6010,11.837,SCP,v3,elit,repair,-5.0,5.0,10,2,6000,paper,2027
2026-09-02T11:21:53,b1,4,71.0,1,40,301,6010,11.907,SCP,v3,elit,repair,-5.0,5.0,10,2,6000,paper,2028
2026-09-02T11:22:07,b1,5,69.0,1,39,301,6010,13.968,SCP,v3,elit,repair,-5.0,5.0,10,2,6000,paper,2029
2026-09-02T11:22:20,b1,6,69.0,1,39,301,6010,12.88,SCP,v3,elit,repair,-5.0,5.0,10,2,6000,paper,2030
2026-09-02T11:22:33,b1,7,69.0,1,39,301,6010,12.826,SCP,v3,elit,repair,-5.0,5.0,10,2,6000,paper,2031
2026-09-02T11:22:45,b1,8,70.0,1,38,301,6010,11.632,SCP,v3,elit,repair,-5.0,5.0,10,2,6000,paper,2032
2026-09-02T11:22:57,b1,9,69.0,1,39,301,6010,11.681,SCP,v3,elit,repair,-5.0,5.0,10,2,6000,paper,2033
2026-09-02T11:23:09,b1,10,69.0,1,39,301,6010,12.04,SCP,v3,elit,repair,-5.0,5.0,10,2,6000,paper,2034
2026-09-02T11:23:21,b1,11,69.0,1,39,301,6010,12.054,SCP,v3,elit,repair,-5.0,5.0,10,2,6000,paper,2035
2026-09-02T11:23:33,b1,12,70.0,1,38,301,6010,12.007,SCP,v3,elit,repair,-5.0,5.0,10,2,6000,paper,2036
2026-09-02T11:23:44,b1,13,70.0,1,39,301,6010,11.65,SCP,v3,elit,repair,-5.0,5.0,10,2,6000,paper,2037
2026-09-02T11:23:56,b1,14,69.0,1,39,301,6010,11.349,SCP,v3,elit,repair,-5.0,5.0,10,2,6000,paper,2038
2026-09-02T11:24:08,b1,15,69.0,1,39,301,6010,12.427,SCP,v3,elit,repair,-5.0,5.0,10,2,6000,paper,2039
2026-09-02T11:24:22,b1,16,69.0,1,39,301,6010,13.94,SCP,v3,elit,repair,-5.0,5.0,10,2,6000,paper,2040
2026-09-02T11:24:33,b1,17,69.0,1,39,301,6010,11.312,SCP,v3,elit,repair,-5.0,5.0,10,2,6000,paper,2041
2026-09-02T11:24:44,b1,18,70.0,1,38,301,6010,10.822,SCP,v3,elit,repair,-5.0,5.0,10,2,6000,paper,2042
2026-09-02T11:24:55,b1,19,69.0,1,39,301,6010,11.322,SCP,v3,elit,repair,-5.0,5.0,10,2,6000,paper,2043
2026-09-02T11:25:07,b1,20,69.0,1,37,301,6010,11.23,SCP,v3,elit,repair,-5.0,5.0,10,2,6000,paper,2044
2026-09-02T11:25:18,b1,21,69.0,1,39,301,6010,11.02,SCP,v3,elit,repair,-5.0,5.0,10,2,6000,paper,2045
2026-09-02T11:25:29,b1,22,69.0,1,39,301,6010,10.904,SCP,v3,elit,repair,-5.0,5.0,10,2,6000,paper,2046
2026-09-02T11:25:39,b1,23,69.0,1,39,301,6010,10.515,SCP,v3,elit,repair,-5.0,5.0,10,2,6000,paper,2047
2026-09-02T11:25:50,b1,24,69.0,1,39,301,6010,11.054,SCP,v3,elit,repair,-5.0,5.0,10,2,6000,paper,2048
2026-09-02T11:26:01,b1,25,69.0,1,39,301,6010,10.836,SCP,v3,elit,repair,-5.0,5.0,10,2,6000,paper,2049
2026-09-02T11:26:12,b1,26,69.0,1,37,301,6010,11.065,SCP,v3,elit,repair,-5.0,5.0,10,2,6000,paper,2050
2026-09-02T11:26:23,b1,27,69.0,1,39,301,6010,10.715,SCP,v3,elit,repair,-5.0,5.0,10,2,6000,paper,2051
2026-09-02T11:26:34,b1,28,70.0,1,38,301,6010,10.682,SCP,v3,elit,repair,-5.0,5.0,10,2,6000,paper,2052
2026-09-02T11:26:45,b1,29,69.0,1,39,301,6010,10.984,SCP,v3,elit,repair,-5.0,5.0,10,2,6000,paper,2053
2026-09-02T11:26:56,b1,30,69.0,1,39,301,6010,11.041,SCP,v3,elit,repair,-5.0,5.0,10,2,6000,paper,2054
2026-09-02T11:27:07,b1,31,69.0,1,39,301,6010,11.011,SCP,v3,elit,repair,-5.0,5.0,10,2,6000,paper,2055
2026-09-02T11:27:19,b2,1,76.0,1,41,301,6010,11.217,SCP,v3,elit,repair,-5.0,5.0,10,2,6000,paper,2025
2026-09-02T11:27:29,b2,2,76.0,1,42,301,6010,10.613,SCP,v3,elit,repair,-5.0,5.0,10,2,6000,paper,2026
2026-09-02T11:27:41,b2,3,76.0,1,42,301,6010,11.229,SCP,v3,elit,repair,-5.0,5.0,10,2,6000,paper,2027
2026-09-02T11:27:52,b2,4,76.0,1,41,301,6010,11.0,SCP,v3,elit,repair,-5.0,5.0,10,2,6000,paper,2028
2026-09-02T11:28:03,b2,5,76.0,1,41,301,6010,11.319,SCP,v3,elit,repair,-5.0,5.0,10,2,6000,paper,2029
2026-09-02T11:28:14,b2,6,76.0,1,41,301,6010,10.883,SCP,v3,elit,repair,-5.0,5.0,10,2,6000,paper,2030
2026-09-02T11:28:24,b2,7,76.0,1,41,301,6010,10.57,SCP,v3,elit,repair,-5.0,5.0,10,2,6000,paper,2031
2026-09-02T11:28:35,b2,8,76.0,1,42,301,6010,10.788,SCP,v3,elit,repair,-5.0,5.0,10,2,6000,paper,2032
2026-09-02T11:28:46,b2,9,76.0,1,41,301,6010,10.945,SCP,v3,elit,repair,-5.0,5.0,10,2,6000,paper,2033
2026-09-02T11:28:57,b2,10,76.0,1,42,301,6010,11.092,SCP,v3,elit,repair,-5.0,5.0,10,2,6000,paper,2034
2026-09-02T11:29:08,b2,11,76.0,1,41,301,6010,11.056,SCP,v3,elit,repair,-5.0,5.0,10,2,6000,paper,2035
2026-09-02T11:29:19,b2,12,76.0,1,41,301,6010,10.809,SCP,v3,elit,repair,-5.0,5.0,10,2,6000,paper,2036
2026-09-02T11:29:32,b2,13,76.0,1,42,301,6010,12.77,SCP,v3,elit,repair,-5.0,5.0,10,2,6000,paper,2037
2026-09-02T11:29:43,b2,14,76.0,1,42,301,6010,11.117,SCP,v3,elit,repair,-5.0,5.0,10,2,6000,paper,2038
2026-09-02T11:29:55,b2,15,76.0,1,42,301,6010,12.166,SCP,v3,elit,repair,-5.0,5.0,10,2,6000,paper,2039
2026-09-02T11:30:09,b2,16,76.0,1,41,301,6010,14.0,SCP,v3,elit,repair,-5.0,5.0,10,2,6000,paper,2040
2026-09-02T11:30:23,b2,17,76.0,1,41,301,6010,13.333,SCP,v3,elit,repair,-5.0,5.0,10,2,6000,paper,2041
2026-09-02T11:30:35,b2,18,76.0,1,41,301,6010,12.154,SCP,v3,elit,repair,-5.0,5.0,10,2,6000,paper,2042
2026-09-02T11:30:47,b2,19,76.0,1,41,301,6010,12.31,SCP,v3,elit,repair,-5.0,5.0,10,2,6000,paper,2043
2026-09-02T11:31:00,b2,20,76.0,1,42,301,6010,12.703,SCP,v3,elit,repair,-5.0,5.0,10,2,6000,paper,2044
2026-09-02T11:31:12,b2,21,76.0,1,41,301,6010,11.913,SCP,v3,elit,repair,-5.0,5.0,10,2,6000,paper,2045
2026-09-02T11:31:24,b2,22,76.0,1,42,301,6010,12.39,SCP,v3,elit,repair,-5.0,5.0,10,2,6000,paper,2046
2026-09-02T11:31:37,b2,23,76.0,1,42,301,6010,12.814,SCP,v3,elit,repair,-5.0,5.0,10,2,6000,paper,2047
2026-09-02T11:31:50,b2,24,76.0,1,41,301,6010,13.363,SCP,v3,elit,repair,-5.0,5.0,10,2,6000,paper,2048
2026-09-02T11:32:03,b2,25,76.0,1,41,301,6010,12.326,SCP,v3,elit,repair,-5.0,5.0,10,2,6000,paper,2049
2026-09-02T11:32:16,b2,26,76.0,1,41,301,6010,13.875,SCP,v3,elit,repair,-5.0,5.0,10,2,6000,paper,2050
2026-09-02T11:32:29,b2,27,76.0,1,41,301,6010,12.401,SCP,v3,elit,repair,-5.0,5.0,10,2,6000,paper,2051
2026-09-02T11:32:42,b2,28,76.0,1,41,301,6010,12.68,SCP,v3,elit,repair,-5.0,5.0,10,2,6000,paper,2052
2026-09-02T11:32:53,b2,29,76.0,1,40,301,6010,11.332,SCP,v3,elit,repair,-5.0,5.0,10,2,6000,paper,2053
2026-09-02T11:33:05,b2,30,76.0,1,42,301,6010,11.69,SCP,v3,elit,repair,-5.0,5.0,10,2,6000,paper,2054
2026-09-02T11:33:17,b2,31,76.0,1,41,301,6010,12.505,SCP,v3,elit,repair,-5.0,5.0,10,2,6000,paper,2055
2026-09-02T11:33:41,c1,1,233.0,1,88,301,6010,23.242,SCP,v3,elit,repair,-5.0,5.0,10,2,6000,paper,2025
2026-09-02T11:34:03,c1,2,231.0,1,86,301,6010,21.228,SCP,v3,elit,repair,-5.0,5.0,10,2,6000,paper,2026
2026-09-02T11:34:22,c1,3,229.0,1,85,301,6010,19.93,SCP,v3,elit,repair,-5.0,5.0,10,2,6000,paper,2027
2026-09-02T11:34:44,c1,4,229.0,1,85,301,6010,21.168,SCP,v3,elit,repair,-5.0,5.0,10,2,6000,paper,2028
2026-09-02T11:35:05,c1,5,229.0,1,85,301,6010,21.341,SCP,v3,elit,repair,-5.0,5.0,10,2,6000,paper,2029
2026-09-02T11:35:25,c1,6,229.0,1,85,301,6010,20.19,SCP,v3,elit,repair,-5.0,5.0,10,2,6000,paper,2030
2026-09-02T11:35:45,c1,7,229.0,1,85,301,6010,20.162,SCP,v3,elit,repair,-5.0,5.0,10,2,6000,paper,2031
2026-09-02T11:36:04,c1,8,229.0,1,85,301,6010,18.644,SCP,v3,elit,repair,-5.0,5.0,10,2,6000,paper,2032
2026-09-02T11:36:23,c1,9,233.0,1,88,301,6010,18.906,SCP,v3,elit,repair,-5.0,5.0,10,2,6000,paper,2033
2026-09-02T11:36:41,c1,10,233.0,1,88,301,6010,18.485,SCP,v3,elit,repair,-5.0,5.0,10,2,6000,paper,2034
2026-09-02T11:37:00,c1,11,229.0,1,85,301,6010,18.08,SCP,v3,elit,repair,-5.0,5.0,10,2,6000,paper,2035
2026-09-02T11:37:18,c1,12,231.0,1,86,301,6010,18.351,SCP,v3,elit,repair,-5.0,5.0,10,2,6000,paper,2036
2026-09-02T11:37:37,c1,13,231.0,1,86,301,6010,19.416,SCP,v3,elit,repair,-5.0,5.0,10,2,6000,paper,2037
2026-09-02T11:37:55,c1,14,233.0,1,87,301,6010,17.967,SCP,v3,elit,repair,-5.0,5.0,10,2,6000,paper,2038
2026-09-02T11:38:14,c1,15,231.0,1,86,301,6010,18.333,SCP,v3,elit,repair,-5.0,5.0,10,2,6000,paper,2039
2026-09-02T11:38:32,c1,16,231.0,1,86,301,6010,18.564,SCP,v3,elit,repair,-5.0,5.0,10,2,6000,paper,2040
2026-09-02T11:38:51,c1,17,229.0,1,85,301,6010,18.554,SCP,v3,elit,repair,-5.0,5.0,10,2,6000,paper,2041
2026-09-02T11:39:09,c1,18,231.0,1,86,301,6010,18.592,SCP,v3,elit,repair,-5.0,5.0,10,2,6000,paper,2042
2026-09-02T11:39:29,c1,19,233.0,1,88,301,6010,19.357,SCP,v3,elit,repair,-5.0,5.0,10,2,6000,paper,2043
2026-09-02T11:39:48,c1,20,229.0,1,85,301,6010,19.057,SCP,v3,elit,repair,-5.0,5.0,10,2,6000,paper,2044
2026-09-02T11:40:06,c1,21,231.0,1,86,301,6010,18.216,SCP,v3,elit,repair,-5.0,5.0,10,2,6000,paper,2045
2026-09-02T11:40:25,c1,22,229.0,1,85,301,6010,18.978,SCP,v3,elit,repair,-5.0,5.0,10,2,6000,paper,2046
2026-09-02T11:40:44,c1,23,229.0,1,84,301,6010,18.603,SCP,v3,elit,repair,-5.0,5.0,10,2,6000,paper,2047
2026-09-02T11:41:02,c1,24,228.0,1,83,301,6010,18.79,SCP,v3,elit,repair,-5.0,5.0,10,2,6000,paper,2048
2026-09-02T11:41:20,c1,25,233.0,1,87,301,6010,18.052,SCP,v3,elit,repair,-5.0,5.0,10,2,6000,paper,2049
2026-09-02T11:41:38,c1,26,229.0,1,85,301,6010,17.788,SCP,v3,elit,repair,-5.0,5.0,10,2,6000,paper,2050
2026-09-02T11:41:57,c1,27,233.0,1,88,301,6010,18.455,SCP,v3,elit,repair,-5.0,5.0,10,2,6000,paper,2051
2026-09-02T11:42:15,c1,28,233.0,1,88,301,6010,18.713,SCP,v3,elit,repair,-5.0,5.0,10,2,6000,paper,2052
2026-09-02T11:42:34,c1,29,229.0,1,85,301,6010,18.505,SCP,v3,elit,repair,-5.0,5.0,10,2,6000,paper,2053
2026-09-02T11:42:52,c1,30,229.0,1,85,301,6010,18.483,SCP,v3,elit,repair,-5.0,5.0,10,2,6000,paper,2054
2026-09-02T11:43:10,c1,31,229.0,1,84,301,6010,17.859,SCP,v3,elit,repair,-5.0,5.0,10,2,6000,paper,2055
2026-09-02T11:43:31,c2,1,221.0,1,83,301,6010,18.847,SCP,v3,elit,repair,-5.0,5.0,10,2,6000,paper,2025
2026-09-02T11:43:56,c2,2,221.0,1,83,301,6010,25.44,SCP,v3,elit,repair,-5.0,5.0,10,2,6000,paper,2026
2026-09-02T11:44:19,c2,3,221.0,1,82,301,6010,23.168,SCP,v3,elit,repair,-5.0,5.0,10,2,6000,paper,2027
2026-09-02T11:44:41,c2,4,221.0,1,83,301,6010,21.055,SCP,v3,elit,repair,-5.0,5.0,10,2,6000,paper,2028
2026-09-02T11:45:00,c2,5,220.0,1,81,301,6010,19.712,SCP,v3,elit,repair,-5.0,5.0,10,2,6000,paper,2029
2026-09-02T11:45:20,c2,6,224.0,1,83,301,6010,19.946,SCP,v3,elit,repair,-5.0,5.0,10,2,6000,paper,2030
2026-09-02T11:45:39,c2,7,221.0,1,83,301,6010,19.262,SCP,v3,elit,repair,-5.0,5.0,10,2,6000,paper,2031
2026-09-02T11:45:59,c2,8,221.0,1,83,301,6010,19.277,SCP,v3,elit,repair,-5.0,5.0,10,2,6000,paper,2032
2026-09-02T11:46:19,c2,9,223.0,1,84,301,6010,20.086,SCP,v3,elit,repair,-5.0,5.0,10,2,6000,paper,2033
2026-09-02T11:46:38,c2,10,222.0,1,82,301,6010,19.231,SCP,v3,elit,repair,-5.0,5.0,10,2,6000,paper,2034
2026-09-02T11:46:57,c2,11,221.0,1,83,301,6010,18.727,SCP,v3,elit,repair,-5.0,5.0,10,2,6000,paper,2035
2026-09-02T11:47:16,c2,12,223.0,1,84,301,6010,19.172,SCP,v3,elit,repair,-5.0,5.0,10,2,6000,paper,2036
2026-09-02T11:47:36,c2,13,223.0,1,84,301,6010,19.585,SCP,v3,elit,repair,-5.0,5.0,10,2,6000,paper,2037
2026-09-02T11:47:55,c2,14,221.0,1,83,301,6010,19.162,SCP,v3,elit,repair,-5.0,5.0,10,2,6000,paper,2038
2026-09-02T11:48:14,c2,15,221.0,1,83,301,6010,19.206,SCP,v3,elit,repair,-5.0,5.0,10,2,6000,paper,2039
2026-09-02T11:48:34,c2,16,224.0,1,85,301,6010,20.104,SCP,v3,elit,repair,-5.0,5.0,10,2,6000,paper,2040
2026-09-02T11:48:55,c2,17,221.0,1,83,301,6010,20.508,SCP,v3,elit,repair,-5.0,5.0,10,2,6000,paper,2041
2026-09-02T11:49:18,c2,18,224.0,1,85,301,6010,23.745,SCP,v3,elit,repair,-5.0,5.0,10,2,6000,paper,2042
2026-09-02T11:49:43,c2,19,221.0,1,82,301,6010,25.06,SCP,v3,elit,repair,-5.0,5.0,10,2,6000,paper,2043
2026-09-02T11:50:04,c2,20,221.0,1,83,301,6010,20.138,SCP,v3,elit,repair,-5.0,5.0,10,2,6000,paper,2044
2026-09-02T11:50:27,c2,21,221.0,1,83,301,6010,23.053,SCP,v3,elit,repair,-5.0,5.0,10,2,6000,paper,2045
2026-09-02T11:50:46,c2,22,220.0,1,81,301,6010,18.915,SCP,v3,elit,repair,-5.0,5.0,10,2,6000,paper,2046
2026-09-02T11:51:05,c2,23,221.0,1,83,301,6010,19.569,SCP,v3,elit,repair,-5.0,5.0,10,2,6000,paper,2047
2026-09-02T11:51:24,c2,24,221.0,1,83,301,6010,19.184,SCP,v3,elit,repair,-5.0,5.0,10,2,6000,paper,2048
2026-09-02T11:51:43,c2,25,221.0,1,83,301,6010,18.904,SCP,v3,elit,repair,-5.0,5.0,10,2,6000,paper,2049
2026-09-02T11:52:03,c2,26,224.0,1,83,301,6010,19.732,SCP,v3,elit,repair,-5.0,5.0,10,2,6000,paper,2050
2026-09-02T11:52:23,c2,27,221.0,1,82,301,6010,20.106,SCP,v3,elit,repair,-5.0,5.0,10,2,6000,paper,2051
2026-09-02T11:52:43,c2,28,221.0,1,82,301,6010,19.37,SCP,v3,elit,repair,-5.0,5.0,10,2,6000,paper,2052
2026-09-02T11:53:02,c2,29,221.0,1,83,301,6010,19.702,SCP,v3,elit,repair,-5.0,5.0,10,2,6000,paper,2053
2026-09-02T11:53:22,c2,30,221.0,1,82,301,6010,19.428,SCP,v3,elit,repair,-5.0,5.0,10,2,6000,paper,2054
2026-09-02T11:53:43,c2,31,221.0,1,83,301,6010,20.983,SCP,v3,elit,repair,-5.0,5.0,10,2,6000,paper,2055
2026-09-02T11:54:01,d1,1,62.0,1,42,301,6010,16.906,SCP,v3,elit,repair,-5.0,5.0,10,2,6000,paper,2025
2026-09-02T11:54:18,d1,2,61.0,1,41,301,6010,16.84,SCP,v3,elit,repair,-5.0,5.0,10,2,6000,paper,2026
2026-09-02T11:54:35,d1,3,61.0,1,41,301,6010,16.6,SCP,v3,elit,repair,-5.0,5.0,10,2,6000,paper,2027
2026-09-02T11:54:52,d1,4,60.0,1,40,301,6010,17.418,SCP,v3,elit,repair,-5.0,5.0,10,2,6000,paper,2028
2026-09-02T11:55:09,d1,5,61.0,1,40,301,6010,16.631,SCP,v3,elit,repair,-5.0,5.0,10,2,6000,paper,2029
2026-09-02T11:55:26,d1,6,60.0,1,40,301,6010,16.833,SCP,v3,elit,repair,-5.0,5.0,10,2,6000,paper,2030
2026-09-02T11:55:42,d1,7,61.0,1,42,301,6010,16.592,SCP,v3,elit,repair,-5.0,5.0,10,2,6000,paper,2031
2026-09-02T11:56:00,d1,8,61.0,1,42,301,6010,17.277,SCP,v3,elit,repair,-5.0,5.0,10,2,6000,paper,2032
2026-09-02T11:56:17,d1,9,61.0,1,40,301,6010,17.118,SCP,v3,elit,repair,-5.0,5.0,10,2,6000,paper,2033
2026-09-02T11:56:34,d1,10,61.0,1,42,301,6010,16.788,SCP,v3,elit,repair,-5.0,5.0,10,2,6000,paper,2034
2026-09-02T11:56:50,d1,11,62.0,1,43,301,6010,16.732,SCP,v3,elit,repair,-5.0,5.0,10,2,6000,paper,2035
2026-09-02T11:57:08,d1,12,63.0,1,42,301,6010,17.456,SCP,v3,elit,repair,-5.0,5.0,10,2,6000,paper,2036
2026-09-02T11:57:25,d1,13,61.0,1,41,301,6010,17.423,SCP,v3,elit,repair,-5.0,5.0,10,2,6000,paper,2037
2026-09-02T11:57:42,d1,14,61.0,1,42,301,6010,16.888,SCP,v3,elit,repair,-5.0,5.0,10,2,6000,paper,2038
2026-09-02T11:57:59,d1,15,61.0,1,42,301,6010,16.478,SCP,v3,elit,repair,-5.0,5.0,10,2,6000,paper,2039
2026-09-02T11:58:15,d1,16,62.0,1,43,301,6010,16.669,SCP,v3,elit,repair,-5.0,5.0,10,2,6000,paper,2040
2026-09-02T11:58:35,d1,17,60.0,1,40,301,6010,19.347,SCP,v3,elit,repair,-5.0,5.0,10,2,6000,paper,2041
2026-09-02T11:58:53,d1,18,61.0,1,42,301,6010,18.52,SCP,v3,elit,repair,-5.0,5.0,10,2,6000,paper,2042
2026-09-02T11:59:10,d1,19,61.0,1,41,301,6010,17.177,SCP,v3,elit,repair,-5.0,5.0,10,2,6000,paper,2043
2026-09-02T11:59:28,d1,20,60.0,1,40,301,6010,17.829,SCP,v3,elit,repair,-5.0,5.0,10,2,6000,paper,2044
2026-09-02T11:59:45,d1,21,62.0,1,42,301,6010,17.053,SCP,v3,elit,repair,-5.0,5.0,10,2,6000,paper,2045
2026-09-02T12:00:02,d1,22,61.0,1,40,301,6010,16.936,SCP,v3,elit,repair,-5.0,5.0,10,2,6000,paper,2046
2026-09-02T12:00:19,d1,23,61.0,1,42,301,6010,16.686,SCP,v3,elit,repair,-5.0,5.0,10,2,6000,paper,2047
2026-09-02T12:00:38,d1,24,61.0,1,42,301,6010,19.302,SCP,v3,elit,repair,-5.0,5.0,10,2,6000,paper,2048
2026-09-02T12:00:56,d1,25,60.0,1,40,301,6010,17.375,SCP,v3,elit,repair,-5.0,5.0,10,2,6000,paper,2049
2026-09-02T12:01:13,d1,26,62.0,1,42,301,6010,17.437,SCP,v3,elit,repair,-5.0,5.0,10,2,6000,paper,2050
2026-09-02T12:01:30,d1,27,60.0,1,40,301,6010,16.627,SCP,v3,elit,repair,-5.0,5.0,10,2,6000,paper,2051
2026-09-02T12:01:47,d1,28,60.0,1,40,301,6010,17.042,SCP,v3,elit,repair,-5.0,5.0,10,2,6000,paper,2052
2026-09-02T12:02:04,d1,29,62.0,1,42,301,6010,16.845,SCP,v3,elit,repair,-5.0,5.0,10,2,6000,paper,2053
2026-09-02T12:02:20,d1,30,61.0,1,42,301,6010,16.81,SCP,v3,elit,repair,-5.0,5.0,10,2,6000,paper,2054
2026-09-02T12:02:37,d1,31,61.0,1,42,301,6010,16.167,SCP,v3,elit,repair,-5.0,5.0,10,2,6000,paper,2055
2026-09-02T12:02:55,d2,1,66.0,1,40,301,6010,17.17,SCP,v3,elit,repair,-5.0,5.0,10,2,6000,paper,2025
2026-09-02T12:03:12,d2,2,67.0,1,45,301,6010,17.05,SCP,v3,elit,repair,-5.0,5.0,10,2,6000,paper,2026
2026-09-02T12:03:28,d2,3,67.0,1,43,301,6010,16.512,SCP,v3,elit,repair,-5.0,5.0,10,2,6000,paper,2027
2026-09-02T12:03:49,d2,4,66.0,1,41,301,6010,20.037,SCP,v3,elit,repair,-5.0,5.0,10,2,6000,paper,2028
2026-09-02T12:04:08,d2,5,67.0,1,45,301,6010,19.212,SCP,v3,elit,repair,-5.0,5.0,10,2,6000,paper,2029
2026-09-02T12:04:25,d2,6,67.0,1,43,301,6010,17.296,SCP,v3,elit,repair,-5.0,5.0,10,2,6000,paper,2030
2026-09-02T12:04:43,d2,7,67.0,1,45,301,6010,18.368,SCP,v3,elit,repair,-5.0,5.0,10,2,6000,paper,2031
2026-09-02T12:05:02,d2,8,67.0,1,45,301,6010,18.64,SCP,v3,elit,repair,-5.0,5.0,10,2,6000,paper,2032
2026-09-02T12:05:19,d2,9,67.0,1,43,301,6010,16.956,SCP,v3,elit,repair,-5.0,5.0,10,2,6000,paper,2033
2026-09-02T12:05:36,d2,10,67.0,1,45,301,6010,17.056,SCP,v3,elit,repair,-5.0,5.0,10,2,6000,paper,2034
2026-09-02T12:05:53,d2,11,67.0,1,45,301,6010,16.779,SCP,v3,elit,repair,-5.0,5.0,10,2,6000,paper,2035
2026-09-02T12:06:11,d2,12,68.0,1,45,301,6010,17.841,SCP,v3,elit,repair,-5.0,5.0,10,2,6000,paper,2036
2026-09-02T12:06:28,d2,13,67.0,1,44,301,6010,16.987,SCP,v3,elit,repair,-5.0,5.0,10,2,6000,paper,2037
2026-09-02T12:06:44,d2,14,67.0,1,43,301,6010,16.76,SCP,v3,elit,repair,-5.0,5.0,10,2,6000,paper,2038
2026-09-02T12:07:04,d2,15,67.0,1,45,301,6010,19.24,SCP,v3,elit,repair,-5.0,5.0,10,2,6000,paper,2039
2026-09-02T12:07:24,d2,16,67.0,1,43,301,6010,20.089,SCP,v3,elit,repair,-5.0,5.0,10,2,6000,paper,2040
2026-09-02T12:07:43,d2,17,67.0,1,45,301,6010,19.5,SCP,v3,elit,repair,-5.0,5.0,10,2,6000,paper,2041
2026-09-02T12:08:03,d2,18,67.0,1,45,301,6010,19.308,SCP,v3,elit,repair,-5.0,5.0,10,2,6000,paper,2042
2026-09-02T12:08:23,d2,19,67.0,1,43,301,6010,20.464,SCP,v3,elit,repair,-5.0,5.0,10,2,6000,paper,2043
2026-09-02T12:08:44,d2,20,68.0,1,44,301,6010,20.546,SCP,v3,elit,repair,-5.0,5.0,10,2,6000,paper,2044
2026-09-02T12:09:04,d2,21,68.0,1,45,301,6010,20.616,SCP,v3,elit,repair,-5.0,5.0,10,2,6000,paper,2045
2026-09-02T12:09:26,d2,22,69.0,1,45,301,6010,21.599,SCP,v3,elit,repair,-5.0,5.0,10,2,6000,paper,2046
2026-09-02T12:09:45,d2,23,67.0,1,44,301,6010,19.018,SCP,v3,elit,repair,-5.0,5.0,10,2,6000,paper,2047
2026-09-02T12:10:03,d2,24,67.0,1,45,301,6010,17.871,SCP,v3,elit,repair,-5.0,5.0,10,2,6000,paper,2048
2026-09-02T12:10:21,d2,25,66.0,1,41,301,6010,17.794,SCP,v3,elit,repair,-5.0,5.0,10,2,6000,paper,2049
2026-09-02T12:10:38,d2,26,67.0,1,45,301,6010,17.54,SCP,v3,elit,repair,-5.0,5.0,10,2,6000,paper,2050
2026-09-02T12:10:57,d2,27,67.0,1,42,301,6010,18.931,SCP,v3,elit,repair,-5.0,5.0,10,2,6000,paper,2051
2026-09-02T12:11:14,d2,28,67.0,1,45,301,6010,17.175,SCP,v3,elit,repair,-5.0,5.0,10,2,6000,paper,2052
2026-09-02T12:11:31,d2,29,67.0,1,45,301,6010,16.905,SCP,v3,elit,repair,-5.0,5.0,10,2,6000,paper,2053
2026-09-02T12:11:51,d2,30,68.0,1,43,301,6010,20.282,SCP,v3,elit,repair,-5.0,5.0,10,2,6000,paper,2054
2026-09-02T12:12:08,d2,31,67.0,1,43,301,6010,17.029,SCP,v3,elit,repair,-5.0,5.0,10,2,6000,paper,2055
2026-09-02T12:12:32,nre1,1,29.0,1,29,301,6010,22.573,SCP,v3,elit,repair,-5.0,5.0,10,2,6000,paper,2025
2026-09-02T12:12:55,nre1,2,29.0,1,28,301,6010,22.437,SCP,v3,elit,repair,-5.0,5.0,10,2,6000,paper,2026
2026-09-02T12:13:17,nre1,3,29.0,1,29,301,6010,22.347,SCP,v3,elit,repair,-5.0,5.0,10,2,6000,paper,2027
2026-09-02T12:13:39,nre1,4,29.0,1,29,301,6010,22.326,SCP,v3,elit,repair,-5.0,5.0,10,2,6000,paper,2028
2026-09-02T12:14:02,nre1,5,29.0,1,28,301,6010,22.584,SCP,v3,elit,repair,-5.0,5.0,10,2,6000,paper,2029
2026-09-02T12:14:25,nre1,6,29.0,1,28,301,6010,22.66,SCP,v3,elit,repair,-5.0,5.0,10,2,6000,paper,2030
2026-09-02T12:14:47,nre1,7,29.0,1,27,301,6010,22.773,SCP,v3,elit,repair,-5.0,5.0,10,2,6000,paper,2031
2026-09-02T12:15:10,nre1,8,29.0,1,26,301,6010,22.683,SCP,v3,elit,repair,-5.0,5.0,10,2,6000,paper,2032
2026-09-02T12:15:33,nre1,9,29.0,1,28,301,6010,22.466,SCP,v3,elit,repair,-5.0,5.0,10,2,6000,paper,2033
2026-09-02T12:15:55,nre1,10,29.0,1,29,301,6010,22.7,SCP,v3,elit,repair,-5.0,5.0,10,2,6000,paper,2034
2026-09-02T12:16:18,nre1,11,29.0,1,27,301,6010,22.755,SCP,v3,elit,repair,-5.0,5.0,10,2,6000,paper,2035
2026-09-02T12:16:42,nre1,12,29.0,1,27,301,6010,23.777,SCP,v3,elit,repair,-5.0,5.0,10,2,6000,paper,2036
2026-09-02T12:17:09,nre1,13,29.0,1,29,301,6010,27.292,SCP,v3,elit,repair,-5.0,5.0,10,2,6000,paper,2037
2026-09-02T12:17:34,nre1,14,29.0,1,29,301,6010,24.329,SCP,v3,elit,repair,-5.0,5.0,10,2,6000,paper,2038
2026-09-02T12:17:57,nre1,15,29.0,1,29,301,6010,23.876,SCP,v3,elit,repair,-5.0,5.0,10,2,6000,paper,2039
2026-09-02T12:18:23,nre1,16,29.0,1,28,301,6010,25.403,SCP,v3,elit,repair,-5.0,5.0,10,2,6000,paper,2040
2026-09-02T12:18:48,nre1,17,29.0,1,29,301,6010,25.566,SCP,v3,elit,repair,-5.0,5.0,10,2,6000,paper,2041
2026-09-02T12:19:12,nre1,18,29.0,1,29,301,6010,23.653,SCP,v3,elit,repair,-5.0,5.0,10,2,6000,paper,2042
2026-09-02T12:19:36,nre1,19,29.0,1,29,301,6010,23.786,SCP,v3,elit,repair,-5.0,5.0,10,2,6000,paper,2043
2026-09-02T12:19:59,nre1,20,29.0,1,29,301,6010,22.957,SCP,v3,elit,repair,-5.0,5.0,10,2,6000,paper,2044
2026-09-02T12:20:21,nre1,21,29.0,1,27,301,6010,22.553,SCP,v3,elit,repair,-5.0,5.0,10,2,6000,paper,2045
2026-09-02T12:20:43,nre1,22,29.0,1,29,301,6010,22.041,SCP,v3,elit,repair,-5.0,5.0,10,2,6000,paper,2046
2026-09-02T12:21:06,nre1,23,29.0,1,29,301,6010,22.608,SCP,v3,elit,repair,-5.0,5.0,10,2,6000,paper,2047
2026-09-02T12:21:28,nre1,24,29.0,1,29,301,6010,22.214,SCP,v3,elit,repair,-5.0,5.0,10,2,6000,paper,2048
2026-09-02T12:21:51,nre1,25,29.0,1,29,301,6010,22.922,SCP,v3,elit,repair,-5.0,5.0,10,2,6000,paper,2049
2026-09-02T12:22:14,nre1,26,29.0,1,29,301,6010,22.423,SCP,v3,elit,repair,-5.0,5.0,10,2,6000,paper,2050
2026-09-02T12:22:41,nre1,27,29.0,1,29,301,6010,26.871,SCP,v3,elit,repair,-5.0,5.0,10,2,6000,paper,2051
2026-09-02T12:23:05,nre1,28,29.0,1,28,301,6010,24.202,SCP,v3,elit,repair,-5.0,5.0,10,2,6000,paper,2052
2026-09-02T12:23:30,nre1,29,29.0,1,29,301,6010,25.698,SCP,v3,elit,repair,-5.0,5.0,10,2,6000,paper,2053
2026-09-02T12:23:54,nre1,30,29.0,1,29,301,6010,24.036,SCP,v3,elit,repair,-5.0,5.0,10,2,6000,paper,2054
2026-09-02T12:24:19,nre1,31,29.0,1,29,301,6010,24.813,SCP,v3,elit,repair,-5.0,5.0,10,2,6000,paper,2055
2026-09-02T12:24:44,nre2,1,31.0,1,27,301,6010,22.83,SCP,v3,elit,repair,-5.0,5.0,10,2,6000,paper,2025
2026-09-02T12:25:08,nre2,2,31.0,1,26,301,6010,24.09,SCP,v3,elit,repair,-5.0,5.0,10,2,6000,paper,2026
2026-09-02T12:25:31,nre2,3,32.0,1,28,301,6010,23.374,SCP,v3,elit,repair,-5.0,5.0,10,2,6000,paper,2027
2026-09-02T12:25:55,nre2,4,30.0,1,26,301,6010,23.981,SCP,v3,elit,repair,-5.0,5.0,10,2,6000,paper,2028
2026-09-02T12:26:19,nre2,5,31.0,1,27,301,6010,23.978,SCP,v3,elit,repair,-5.0,5.0,10,2,6000,paper,2029
2026-09-02T12:26:46,nre2,6,32.0,1,28,301,6010,26.903,SCP,v3,elit,repair,-5.0,5.0,10,2,6000,paper,2030
2026-09-02T12:27:16,nre2,7,30.0,1,26,301,6010,30.107,SCP,v3,elit,repair,-5.0,5.0,10,2,6000,paper,2031
2026-09-02T12:27:47,nre2,8,31.0,1,27,301,6010,30.55,SCP,v3,elit,repair,-5.0,5.0,10,2,6000,paper,2032
2026-09-02T12:28:12,nre2,9,30.0,1,26,301,6010,25.345,SCP,v3,elit,repair,-5.0,5.0,10,2,6000,paper,2033
2026-09-02T12:28:37,nre2,10,30.0,1,26,301,6010,24.636,SCP,v3,elit,repair,-5.0,5.0,10,2,6000,paper,2034
2026-09-02T12:29:00,nre2,11,31.0,1,26,301,6010,22.946,SCP,v3,elit,repair,-5.0,5.0,10,2,6000,paper,2035
2026-09-02T12:29:22,nre2,12,30.0,1,26,301,6010,22.651,SCP,v3,elit,repair,-5.0,5.0,10,2,6000,paper,2036
2026-09-02T12:29:45,nre2,13,31.0,1,26,301,6010,22.614,SCP,v3,elit,repair,-5.0,5.0,10,2,6000,paper,2037
2026-09-02T12:30:07,nre2,14,32.0,1,28,301,6010,21.957,SCP,v3,elit,repair,-5.0,5.0,10,2,6000,paper,2038
2026-09-02T12:30:29,nre2,15,31.0,1,26,301,6010,22.314,SCP,v3,elit,repair,-5.0,5.0,10,2,6000,paper,2039
2026-09-02T12:30:52,nre2,16,32.0,1,28,301,6010,22.109,SCP,v3,elit,repair,-5.0,5.0,10,2,6000,paper,2040
2026-09-02T12:31:14,nre2,17,31.0,1,26,301,6010,22.138,SCP,v3,elit,repair,-5.0,5.0,10,2,6000,paper,2041
2026-09-02T12:31:36,nre2,18,31.0,1,27,301,6010,21.985,SCP,v3,elit,repair,-5.0,5.0,10,2,6000,paper,2042
2026-09-02T12:31:58,nre2,19,31.0,1,27,301,6010,22.657,SCP,v3,elit,repair,-5.0,5.0,10,2,6000,paper,2043
2026-09-02T12:32:27,nre2,20,32.0,1,28,301,6010,28.599,SCP,v3,elit,repair,-5.0,5.0,10,2,6000,paper,2044
2026-09-02T12:32:50,nre2,21,32.0,1,28,301,6010,23.242,SCP,v3,elit,repair,-5.0,5.0,10,2,6000,paper,2045
2026-09-02T12:33:13,nre2,22,32.0,1,28,301,6010,22.778,SCP,v3,elit,repair,-5.0,5.0,10,2,6000,paper,2046
2026-09-02T12:33:36,nre2,23,31.0,1,27,301,6010,22.595,SCP,v3,elit,repair,-5.0,5.0,10,2,6000,paper,2047
2026-09-02T12:34:00,nre2,24,31.0,1,27,301,6010,24.062,SCP,v3,elit,repair,-5.0,5.0,10,2,6000,paper,2048
2026-09-02T12:34:26,nre2,25,30.0,1,26,301,6010,26.414,SCP,v3,elit,repair,-5.0,5.0,10,2,6000,paper,2049
2026-09-02T12:34:52,nre2,26,31.0,1,27,301,6010,26.1,SCP,v3,elit,repair,-5.0,5.0,10,2,6000,paper,2050
2026-09-02T12:35:16,nre2,27,32.0,1,27,301,6010,24.277,SCP,v3,elit,repair,-5.0,5.0,10,2,6000,paper,2051
2026-09-02T12:35:42,nre2,28,32.0,1,28,301,6010,26.021,SCP,v3,elit,repair,-5.0,5.0,10,2,6000,paper,2052
2026-09-02T12:36:10,nre2,29,32.0,1,28,301,6010,27.544,SCP,v3,elit,repair,-5.0,5.0,10,2,6000,paper,2053
2026-09-02T12:36:37,nre2,30,31.0,1,27,301,6010,27.005,SCP,v3,elit,repair,-5.0,5.0,10,2,6000,paper,2054
2026-09-02T12:37:00,nre2,31,31.0,1,27,301,6010,22.75,SCP,v3,elit,repair,-5.0,5.0,10,2,6000,paper,2055
2026-09-02T12:37:22,nrf1,1,15.0,1,15,301,6010,20.517,SCP,v3,elit,repair,-5.0,5.0,10,2,6000,paper,2025
2026-09-02T12:37:42,nrf1,2,14.0,1,14,301,6010,20.171,SCP,v3,elit,repair,-5.0,5.0,10,2,6000,paper,2026
2026-09-02T12:38:02,nrf1,3,14.0,1,14,301,6010,19.98,SCP,v3,elit,repair,-5.0,5.0,10,2,6000,paper,2027
2026-09-02T12:38:28,nrf1,4,14.0,1,14,301,6010,25.921,SCP,v3,elit,repair,-5.0,5.0,10,2,6000,paper,2028
2026-09-02T12:38:51,nrf1,5,14.0,1,14,301,6010,23.404,SCP,v3,elit,repair,-5.0,5.0,10,2,6000,paper,2029
2026-09-02T12:39:14,nrf1,6,14.0,1,14,301,6010,22.822,SCP,v3,elit,repair,-5.0,5.0,10,2,6000,paper,2030
2026-09-02T12:39:35,nrf1,7,15.0,1,15,301,6010,21.377,SCP,v3,elit,repair,-5.0,5.0,10,2,6000,paper,2031
2026-09-02T12:39:56,nrf1,8,14.0,1,14,301,6010,20.153,SCP,v3,elit,repair,-5.0,5.0,10,2,6000,paper,2032
2026-09-02T12:40:16,nrf1,9,14.0,1,14,301,6010,20.697,SCP,v3,elit,repair,-5.0,5.0,10,2,6000,paper,2033
2026-09-02T12:40:37,nrf1,10,14.0,1,14,301,6010,20.632,SCP,v3,elit,repair,-5.0,5.0,10,2,6000,paper,2034
2026-09-02T12:40:57,nrf1,11,14.0,1,14,301,6010,20.111,SCP,v3,elit,repair,-5.0,5.0,10,2,6000,paper,2035
2026-09-02T12:41:18,nrf1,12,14.0,1,14,301,6010,21.051,SCP,v3,elit,repair,-5.0,5.0,10,2,6000,paper,2036
2026-09-02T12:41:39,nrf1,13,14.0,1,14,301,6010,21.089,SCP,v3,elit,repair,-5.0,5.0,10,2,6000,paper,2037
2026-09-02T12:42:00,nrf1,14,14.0,1,14,301,6010,20.794,SCP,v3,elit,repair,-5.0,5.0,10,2,6000,paper,2038
2026-09-02T12:42:21,nrf1,15,14.0,1,14,301,6010,20.547,SCP,v3,elit,repair,-5.0,5.0,10,2,6000,paper,2039
2026-09-02T12:42:41,nrf1,16,14.0,1,14,301,6010,20.504,SCP,v3,elit,repair,-5.0,5.0,10,2,6000,paper,2040
2026-09-02T12:43:01,nrf1,17,14.0,1,14,301,6010,20.174,SCP,v3,elit,repair,-5.0,5.0,10,2,6000,paper,2041
2026-09-02T12:43:21,nrf1,18,14.0,1,14,301,6010,20.118,SCP,v3,elit,repair,-5.0,5.0,10,2,6000,paper,2042
2026-09-02T12:43:42,nrf1,19,14.0,1,14,301,6010,20.32,SCP,v3,elit,repair,-5.0,5.0,10,2,6000,paper,2043
2026-09-02T12:44:02,nrf1,20,14.0,1,14,301,6010,20.287,SCP,v3,elit,repair,-5.0,5.0,10,2,6000,paper,2044
2026-09-02T12:44:23,nrf1,21,14.0,1,14,301,6010,21.307,SCP,v3,elit,repair,-5.0,5.0,10,2,6000,paper,2045
2026-09-02T12:44:44,nrf1,22,15.0,1,15,301,6010,20.734,SCP,v3,elit,repair,-5.0,5.0,10,2,6000,paper,2046
2026-09-02T12:45:05,nrf1,23,15.0,1,15,301,6010,20.757,SCP,v3,elit,repair,-5.0,5.0,10,2,6000,paper,2047
2026-09-02T12:45:25,nrf1,24,15.0,1,15,301,6010,20.471,SCP,v3,elit,repair,-5.0,5.0,10,2,6000,paper,2048
2026-09-02T12:45:45,nrf1,25,14.0,1,14,301,6010,20.028,SCP,v3,elit,repair,-5.0,5.0,10,2,6000,paper,2049
2026-09-02T12:46:09,nrf1,26,14.0,1,14,301,6010,23.397,SCP,v3,elit,repair,-5.0,5.0,10,2,6000,paper,2050
2026-09-02T12:46:32,nrf1,27,14.0,1,14,301,6010,23.2,SCP,v3,elit,repair,-5.0,5.0,10,2,6000,paper,2051
2026-09-02T12:46:54,nrf1,28,14.0,1,14,301,6010,21.927,SCP,v3,elit,repair,-5.0,5.0,10,2,6000,paper,2052
2026-09-02T12:47:15,nrf1,29,14.0,1,14,301,6010,21.28,SCP,v3,elit,repair,-5.0,5.0,10,2,6000,paper,2053
2026-09-02T12:47:35,nrf1,30,14.0,1,14,301,6010,20.251,SCP,v3,elit,repair,-5.0,5.0,10,2,6000,paper,2054
2026-09-02T12:47:56,nrf1,31,14.0,1,14,301,6010,20.333,SCP,v3,elit,repair,-5.0,5.0,10,2,6000,paper,2055
2026-09-02T12:48:17,nrf2,1,15.0,1,15,301,6010,20.181,SCP,v3,elit,repair,-5.0,5.0,10,2,6000,paper,2025
2026-09-02T12:48:37,nrf2,2,15.0,1,15,301,6010,20.251,SCP,v3,elit,repair,-5.0,5.0,10,2,6000,paper,2026
2026-09-02T12:48:57,nrf2,3,15.0,1,14,301,6010,19.818,SCP,v3,elit,repair,-5.0,5.0,10,2,6000,paper,2027
2026-09-02T12:49:22,nrf2,4,15.0,1,15,301,6010,24.909,SCP,v3,elit,repair,-5.0,5.0,10,2,6000,paper,2028
2026-09-02T12:49:46,nrf2,5,15.0,1,15,301,6010,23.691,SCP,v3,elit,repair,-5.0,5.0,10,2,6000,paper,2029
2026-09-02T12:50:09,nrf2,6,15.0,1,15,301,6010,22.922,SCP,v3,elit,repair,-5.0,5.0,10,2,6000,paper,2030
2026-09-02T12:50:31,nrf2,7,15.0,1,15,301,6010,22.207,SCP,v3,elit,repair,-5.0,5.0,10,2,6000,paper,2031
2026-09-02T12:50:54,nrf2,8,15.0,1,15,301,6010,23.2,SCP,v3,elit,repair,-5.0,5.0,10,2,6000,paper,2032
2026-09-02T12:51:15,nrf2,9,15.0,1,15,301,6010,20.628,SCP,v3,elit,repair,-5.0,5.0,10,2,6000,paper,2033
2026-09-02T12:51:38,nrf2,10,15.0,1,15,301,6010,23.227,SCP,v3,elit,repair,-5.0,5.0,10,2,6000,paper,2034
2026-09-02T12:52:02,nrf2,11,15.0,1,15,301,6010,23.759,SCP,v3,elit,repair,-5.0,5.0,10,2,6000,paper,2035
2026-09-02T12:52:26,nrf2,12,15.0,1,15,301,6010,23.862,SCP,v3,elit,repair,-5.0,5.0,10,2,6000,paper,2036
2026-09-02T12:52:48,nrf2,13,15.0,1,15,301,6010,22.611,SCP,v3,elit,repair,-5.0,5.0,10,2,6000,paper,2037
2026-09-02T12:53:09,nrf2,14,15.0,1,15,301,6010,20.642,SCP,v3,elit,repair,-5.0,5.0,10,2,6000,paper,2038
2026-09-02T12:53:31,nrf2,15,15.0,1,15,301,6010,22.186,SCP,v3,elit,repair,-5.0,5.0,10,2,6000,paper,2039
2026-09-02T12:53:54,nrf2,16,15.0,1,15,301,6010,22.403,SCP,v3,elit,repair,-5.0,5.0,10,2,6000,paper,2040
2026-09-02T12:54:16,nrf2,17,15.0,1,15,301,6010,22.126,SCP,v3,elit,repair,-5.0,5.0,10,2,6000,paper,2041
2026-09-02T12:54:40,nrf2,18,15.0,1,15,301,6010,23.718,SCP,v3,elit,repair,-5.0,5.0,10,2,6000,paper,2042
2026-09-02T12:55:00,nrf2,19,15.0,1,15,301,6010,20.294,SCP,v3,elit,repair,-5.0,5.0,10,2,6000,paper,2043
2026-09-02T12:55:19,nrf2,20,15.0,1,15,301,6010,19.473,SCP,v3,elit,repair,-5.0,5.0,10,2,6000,paper,2044
2026-09-02T12:55:41,nrf2,21,15.0,1,15,301,6010,21.377,SCP,v3,elit,repair,-5.0,5.0,10,2,6000,paper,2045
2026-09-02T12:56:03,nrf2,22,15.0,1,15,301,6010,22.471,SCP,v3,elit,repair,-5.0,5.0,10,2,6000,paper,2046
2026-09-02T12:56:25,nrf2,23,15.0,1,15,301,6010,21.543,SCP,v3,elit,repair,-5.0,5.0,10,2,6000,paper,2047
2026-09-02T12:56:49,nrf2,24,15.0,1,15,301,6010,23.865,SCP,v3,elit,repair,-5.0,5.0,10,2,6000,paper,2048
2026-09-02T12:57:12,nrf2,25,15.0,1,15,301,6010,23.849,SCP,v3,elit,repair,-5.0,5.0,10,2,6000,paper,2049
2026-09-02T12:57:37,nrf2,26,15.0,1,15,301,6010,24.033,SCP,v3,elit,repair,-5.0,5.0,10,2,6000,paper,2050
2026-09-02T12:57:58,nrf2,27,15.0,1,15,301,6010,21.95,SCP,v3,elit,repair,-5.0,5.0,10,2,6000,paper,2051
2026-09-02T12:58:23,nrf2,28,15.0,1,15,301,6010,24.574,SCP,v3,elit,repair,-5.0,5.0,10,2,6000,paper,2052
2026-09-02T12:58:46,nrf2,29,15.0,1,15,301,6010,22.585,SCP,v3,elit,repair,-5.0,5.0,10,2,6000,paper,2053
2026-09-02T12:59:09,nrf2,30,15.0,1,15,301,6010,23.151,SCP,v3,elit,repair,-5.0,5.0,10,2,6000,paper,2054
2026-09-02T12:59:31,nrf2,31,15.0,1,15,301,6010,22.622,SCP,v3,elit,repair,-5.0,5.0,10,2,6000,paper,2055
2026-09-02T13:01:18,nrg1,1,181.0,1,109,301,6010,105.629,SCP,v3,elit,repair,-5.0,5.0,10,2,6000,paper,2025
2026-09-02T13:03:01,nrg1,2,179.0,1,109,301,6010,102.75,SCP,v3,elit,repair,-5.0,5.0,10,2,6000,paper,2026
2026-09-02T13:04:42,nrg1,3,178.0,1,107,301,6010,101.179,SCP,v3,elit,repair,-5.0,5.0,10,2,6000,paper,2027
2026-09-02T13:06:27,nrg1,4,180.0,1,111,301,6010,104.469,SCP,v3,elit,repair,-5.0,5.0,10,2,6000,paper,2028
2026-09-02T13:08:05,nrg1,5,182.0,1,107,301,6010,98.187,SCP,v3,elit,repair,-5.0,5.0,10,2,6000,paper,2029
2026-09-02T13:09:41,nrg1,6,178.0,1,107,301,6010,96.321,SCP,v3,elit,repair,-5.0,5.0,10,2,6000,paper,2030
2026-09-02T13:11:18,nrg1,7,181.0,1,109,301,6010,96.652,SCP,v3,elit,repair,-5.0,5.0,10,2,6000,paper,2031
2026-09-02T13:12:55,nrg1,8,178.0,1,105,301,6010,97.28,SCP,v3,elit,repair,-5.0,5.0,10,2,6000,paper,2032
2026-09-02T13:14:32,nrg1,9,181.0,1,108,301,6010,96.523,SCP,v3,elit,repair,-5.0,5.0,10,2,6000,paper,2033
2026-09-02T13:16:10,nrg1,10,180.0,1,111,301,6010,98.317,SCP,v3,elit,repair,-5.0,5.0,10,2,6000,paper,2034
2026-09-02T13:17:48,nrg1,11,178.0,1,108,301,6010,97.618,SCP,v3,elit,repair,-5.0,5.0,10,2,6000,paper,2035
2026-09-02T13:19:24,nrg1,12,178.0,1,107,301,6010,96.605,SCP,v3,elit,repair,-5.0,5.0,10,2,6000,paper,2036
2026-09-02T13:21:01,nrg1,13,180.0,1,111,301,6010,96.625,SCP,v3,elit,repair,-5.0,5.0,10,2,6000,paper,2037
2026-09-02T13:22:38,nrg1,14,178.0,1,106,301,6010,97.225,SCP,v3,elit,repair,-5.0,5.0,10,2,6000,paper,2038
2026-09-02T13:24:16,nrg1,15,178.0,1,109,301,6010,98.004,SCP,v3,elit,repair,-5.0,5.0,10,2,6000,paper,2039
2026-09-02T13:25:54,nrg1,16,182.0,1,108,301,6010,98.091,SCP,v3,elit,repair,-5.0,5.0,10,2,6000,paper,2040
2026-09-02T13:27:32,nrg1,17,181.0,1,108,301,6010,97.22,SCP,v3,elit,repair,-5.0,5.0,10,2,6000,paper,2041
2026-09-02T13:29:09,nrg1,18,178.0,1,110,301,6010,97.057,SCP,v3,elit,repair,-5.0,5.0,10,2,6000,paper,2042
2026-09-02T13:30:48,nrg1,19,179.0,1,106,301,6010,99.411,SCP,v3,elit,repair,-5.0,5.0,10,2,6000,paper,2043
2026-09-02T13:32:26,nrg1,20,180.0,1,110,301,6010,97.443,SCP,v3,elit,repair,-5.0,5.0,10,2,6000,paper,2044
2026-09-02T13:34:05,nrg1,21,179.0,1,111,301,6010,98.942,SCP,v3,elit,repair,-5.0,5.0,10,2,6000,paper,2045
2026-09-02T13:35:42,nrg1,22,180.0,1,111,301,6010,97.404,SCP,v3,elit,repair,-5.0,5.0,10,2,6000,paper,2046
2026-09-02T13:37:19,nrg1,23,180.0,1,110,301,6010,96.973,SCP,v3,elit,repair,-5.0,5.0,10,2,6000,paper,2047
2026-09-02T13:38:56,nrg1,24,180.0,1,110,301,6010,97.56,SCP,v3,elit,repair,-5.0,5.0,10,2,6000,paper,2048
2026-09-02T13:40:36,nrg1,25,179.0,1,110,301,6010,99.154,SCP,v3,elit,repair,-5.0,5.0,10,2,6000,paper,2049
2026-09-02T13:42:13,nrg1,26,178.0,1,108,301,6010,97.261,SCP,v3,elit,repair,-5.0,5.0,10,2,6000,paper,2050
2026-09-02T13:43:52,nrg1,27,178.0,1,109,301,6010,98.85,SCP,v3,elit,repair,-5.0,5.0,10,2,6000,paper,2051
2026-09-02T13:45:28,nrg1,28,181.0,1,109,301,6010,96.61,SCP,v3,elit,repair,-5.0,5.0,10,2,6000,paper,2052
2026-09-02T13:47:05,nrg1,29,181.0,1,108,301,6010,96.748,SCP,v3,elit,repair,-5.0,5.0,10,2,6000,paper,2053
2026-09-02T13:48:43,nrg1,30,181.0,1,111,301,6010,98.278,SCP,v3,elit,repair,-5.0,5.0,10,2,6000,paper,2054
2026-09-02T13:50:23,nrg1,31,178.0,1,108,301,6010,99.117,SCP,v3,elit,repair,-5.0,5.0,10,2,6000,paper,2055
2026-09-02T13:52:07,nrg2,1,158.0,1,109,301,6010,96.782,SCP,v3,elit,repair,-5.0,5.0,10,2,6000,paper,2025
2026-09-02T13:53:47,nrg2,2,158.0,1,107,301,6010,100.046,SCP,v3,elit,repair,-5.0,5.0,10,2,6000,paper,2026
2026-09-02T13:55:23,nrg2,3,158.0,1,109,301,6010,96.515,SCP,v3,elit,repair,-5.0,5.0,10,2,6000,paper,2027
2026-09-02T13:57:00,nrg2,4,159.0,1,109,301,6010,96.557,SCP,v3,elit,repair,-5.0,5.0,10,2,6000,paper,2028
2026-09-02T13:58:38,nrg2,5,159.0,1,108,301,6010,97.694,SCP,v3,elit,repair,-5.0,5.0,10,2,6000,paper,2029
2026-09-02T14:00:26,nrg2,6,159.0,1,109,301,6010,108.662,SCP,v3,elit,repair,-5.0,5.0,10,2,6000,paper,2030
2026-09-02T14:02:08,nrg2,7,158.0,1,108,301,6010,101.201,SCP,v3,elit,repair,-5.0,5.0,10,2,6000,paper,2031
2026-09-02T14:03:50,nrg2,8,162.0,1,111,301,6010,102.052,SCP,v3,elit,repair,-5.0,5.0,10,2,6000,paper,2032
2026-09-02T14:05:30,nrg2,9,158.0,1,108,301,6010,100.726,SCP,v3,elit,repair,-5.0,5.0,10,2,6000,paper,2033
2026-09-02T14:07:12,nrg2,10,161.0,1,112,301,6010,101.138,SCP,v3,elit,repair,-5.0,5.0,10,2,6000,paper,2034
2026-09-02T14:08:51,nrg2,11,159.0,1,110,301,6010,99.789,SCP,v3,elit,repair,-5.0,5.0,10,2,6000,paper,2035
2026-09-02T14:10:31,nrg2,12,159.0,1,109,301,6010,100.079,SCP,v3,elit,repair,-5.0,5.0,10,2,6000,paper,2036
2026-09-02T14:12:13,nrg2,13,159.0,1,110,301,6010,101.132,SCP,v3,elit,repair,-5.0,5.0,10,2,6000,paper,2037
2026-09-02T14:13:51,nrg2,14,160.0,1,109,301,6010,98.306,SCP,v3,elit,repair,-5.0,5.0,10,2,6000,paper,2038
2026-09-02T14:15:30,nrg2,15,160.0,1,110,301,6010,98.686,SCP,v3,elit,repair,-5.0,5.0,10,2,6000,paper,2039
2026-09-02T14:17:07,nrg2,16,160.0,1,110,301,6010,97.038,SCP,v3,elit,repair,-5.0,5.0,10,2,6000,paper,2040
2026-09-02T14:18:44,nrg2,17,159.0,1,108,301,6010,97.243,SCP,v3,elit,repair,-5.0,5.0,10,2,6000,paper,2041
2026-09-02T14:20:30,nrg2,18,158.0,1,109,301,6010,105.931,SCP,v3,elit,repair,-5.0,5.0,10,2,6000,paper,2042
2026-09-02T14:22:11,nrg2,19,160.0,1,111,301,6010,101.566,SCP,v3,elit,repair,-5.0,5.0,10,2,6000,paper,2043
2026-09-02T14:23:54,nrg2,20,158.0,1,108,301,6010,102.122,SCP,v3,elit,repair,-5.0,5.0,10,2,6000,paper,2044
2026-09-02T14:25:39,nrg2,21,159.0,1,108,301,6010,105.085,SCP,v3,elit,repair,-5.0,5.0,10,2,6000,paper,2045
2026-09-02T14:27:24,nrg2,22,160.0,1,111,301,6010,105.74,SCP,v3,elit,repair,-5.0,5.0,10,2,6000,paper,2046
2026-09-02T14:29:05,nrg2,23,159.0,1,108,301,6010,100.8,SCP,v3,elit,repair,-5.0,5.0,10,2,6000,paper,2047
2026-09-02T14:30:45,nrg2,24,157.0,1,103,301,6010,99.647,SCP,v3,elit,repair,-5.0,5.0,10,2,6000,paper,2048
2026-09-02T14:32:28,nrg2,25,158.0,1,109,301,6010,102.932,SCP,v3,elit,repair,-5.0,5.0,10,2,6000,paper,2049
2026-09-02T14:34:16,nrg2,26,158.0,1,109,301,6010,107.908,SCP,v3,elit,repair,-5.0,5.0,10,2,6000,paper,2050
2026-09-02T14:36:06,nrg2,27,159.0,1,111,301,6010,110.55,SCP,v3,elit,repair,-5.0,5.0,10,2,6000,paper,2051
2026-09-02T14:37:54,nrg2,28,159.0,1,110,301,6010,107.552,SCP,v3,elit,repair,-5.0,5.0,10,2,6000,paper,2052
2026-09-02T14:39:34,nrg2,29,160.0,1,111,301,6010,100.517,SCP,v3,elit,repair,-5.0,5.0,10,2,6000,paper,2053
2026-09-02T14:41:16,nrg2,30,160.0,1,111,301,6010,101.141,SCP,v3,elit,repair,-5.0,5.0,10,2,6000,paper,2054
2026-09-02T14:42:59,nrg2,31,158.0,1,109,301,6010,103.851,SCP,v3,elit,repair,-5.0,5.0,10,2,6000,paper,2055
2026-09-02T14:44:46,nrh1,1,64.0,1,56,301,6010,98.526,SCP,v3,elit,repair,-5.0,5.0,10,2,6000,paper,2025
2026-09-02T14:46:22,nrh1,2,66.0,1,56,301,6010,96.506,SCP,v3,elit,repair,-5.0,5.0,10,2,6000,paper,2026
2026-09-02T14:48:04,nrh1,3,66.0,1,57,301,6010,101.939,SCP,v3,elit,repair,-5.0,5.0,10,2,6000,paper,2027
2026-09-02T14:49:44,nrh1,4,64.0,1,56,301,6010,99.229,SCP,v3,elit,repair,-5.0,5.0,10,2,6000,paper,2028
2026-09-02T14:51:30,nrh1,5,64.0,1,54,301,6010,106.668,SCP,v3,elit,repair,-5.0,5.0,10,2,6000,paper,2029
2026-09-02T14:53:14,nrh1,6,65.0,1,57,301,6010,103.763,SCP,v3,elit,repair,-5.0,5.0,10,2,6000,paper,2030
2026-09-02T14:55:04,nrh1,7,64.0,1,56,301,6010,109.48,SCP,v3,elit,repair,-5.0,5.0,10,2,6000,paper,2031
2026-09-02T14:56:45,nrh1,8,64.0,1,55,301,6010,101.495,SCP,v3,elit,repair,-5.0,5.0,10,2,6000,paper,2032
2026-09-02T14:58:23,nrh1,9,65.0,1,55,301,6010,97.83,SCP,v3,elit,repair,-5.0,5.0,10,2,6000,paper,2033
2026-09-02T15:00:03,nrh1,10,66.0,1,56,301,6010,99.601,SCP,v3,elit,repair,-5.0,5.0,10,2,6000,paper,2034
2026-09-02T15:01:43,nrh1,11,65.0,1,56,301,6010,100.121,SCP,v3,elit,repair,-5.0,5.0,10,2,6000,paper,2035
2026-09-02T15:03:27,nrh1,12,66.0,1,57,301,6010,104.341,SCP,v3,elit,repair,-5.0,5.0,10,2,6000,paper,2036
2026-09-02T15:05:09,nrh1,13,65.0,1,56,301,6010,101.467,SCP,v3,elit,repair,-5.0,5.0,10,2,6000,paper,2037
2026-09-02T15:06:53,nrh1,14,66.0,1,56,301,6010,104.654,SCP,v3,elit,repair,-5.0,5.0,10,2,6000,paper,2038
2026-09-02T15:08:36,nrh1,15,66.0,1,56,301,6010,103.05,SCP,v3,elit,repair,-5.0,5.0,10,2,6000,paper,2039
2026-09-02T15:10:21,nrh1,16,64.0,1,56,301,6010,105.048,SCP,v3,elit,repair,-5.0,5.0,10,2,6000,paper,2040
2026-09-02T15:12:12,nrh1,17,66.0,1,57,301,6010,110.68,SCP,v3,elit,repair,-5.0,5.0,10,2,6000,paper,2041
2026-09-02T15:13:48,nrh1,18,67.0,1,55,301,6010,96.15,SCP,v3,elit,repair,-5.0,5.0,10,2,6000,paper,2042
2026-09-02T15:15:25,nrh1,19,64.0,1,56,301,6010,97.036,SCP,v3,elit,repair,-5.0,5.0,10,2,6000,paper,2043
2026-09-02T15:17:10,nrh1,20,64.0,1,56,301,6010,104.762,SCP,v3,elit,repair,-5.0,5.0,10,2,6000,paper,2044
2026-09-02T15:18:59,nrh1,21,65.0,1,55,301,6010,108.68,SCP,v3,elit,repair,-5.0,5.0,10,2,6000,paper,2045
2026-09-02T15:20:47,nrh1,22,66.0,1,56,301,6010,108.097,SCP,v3,elit,repair,-5.0,5.0,10,2,6000,paper,2046
2026-09-02T15:22:36,nrh1,23,65.0,1,56,301,6010,109.107,SCP,v3,elit,repair,-5.0,5.0,10,2,6000,paper,2047
2026-09-02T15:24:19,nrh1,24,66.0,1,57,301,6010,102.974,SCP,v3,elit,repair,-5.0,5.0,10,2,6000,paper,2048
2026-09-02T15:26:05,nrh1,25,65.0,1,56,301,6010,106.223,SCP,v3,elit,repair,-5.0,5.0,10,2,6000,paper,2049
2026-09-02T15:27:56,nrh1,26,67.0,1,58,301,6010,110.507,SCP,v3,elit,repair,-5.0,5.0,10,2,6000,paper,2050
2026-09-02T15:29:45,nrh1,27,65.0,1,57,301,6010,109.44,SCP,v3,elit,repair,-5.0,5.0,10,2,6000,paper,2051
2026-09-02T15:31:26,nrh1,28,64.0,1,55,301,6010,100.598,SCP,v3,elit,repair,-5.0,5.0,10,2,6000,paper,2052
2026-09-02T15:33:18,nrh1,29,65.0,1,57,301,6010,112.769,SCP,v3,elit,repair,-5.0,5.0,10,2,6000,paper,2053
2026-09-02T15:35:03,nrh1,30,64.0,1,56,301,6010,104.412,SCP,v3,elit,repair,-5.0,5.0,10,2,6000,paper,2054
2026-09-02T15:36:51,nrh1,31,65.0,1,56,301,6010,108.119,SCP,v3,elit,repair,-5.0,5.0,10,2,6000,paper,2055
2026-09-02T15:38:50,nrh2,1,65.0,1,55,301,6010,112.63,SCP,v3,elit,repair,-5.0,5.0,10,2,6000,paper,2025
2026-09-02T15:40:36,nrh2,2,65.0,1,55,301,6010,105.897,SCP,v3,elit,repair,-5.0,5.0,10,2,6000,paper,2026
2026-09-02T15:42:12,nrh2,3,66.0,1,57,301,6010,96.326,SCP,v3,elit,repair,-5.0,5.0,10,2,6000,paper,2027
2026-09-02T15:43:48,nrh2,4,66.0,1,57,301,6010,96.054,SCP,v3,elit,repair,-5.0,5.0,10,2,6000,paper,2028
2026-09-02T15:45:25,nrh2,5,67.0,1,57,301,6010,97.079,SCP,v3,elit,repair,-5.0,5.0,10,2,6000,paper,2029
2026-09-02T15:47:17,nrh2,6,65.0,1,55,301,6010,111.276,SCP,v3,elit,repair,-5.0,5.0,10,2,6000,paper,2030
2026-09-02T15:49:07,nrh2,7,65.0,1,55,301,6010,110.747,SCP,v3,elit,repair,-5.0,5.0,10,2,6000,paper,2031
2026-09-02T15:50:49,nrh2,8,64.0,1,55,301,6010,101.743,SCP,v3,elit,repair,-5.0,5.0,10,2,6000,paper,2032
2026-09-02T15:52:34,nrh2,9,64.0,1,55,301,6010,104.839,SCP,v3,elit,repair,-5.0,5.0,10,2,6000,paper,2033
2026-09-02T15:54:09,nrh2,10,66.0,1,57,301,6010,95.14,SCP,v3,elit,repair,-5.0,5.0,10,2,6000,paper,2034
2026-09-02T15:55:44,nrh2,11,65.0,1,57,301,6010,95.275,SCP,v3,elit,repair,-5.0,5.0,10,2,6000,paper,2035
2026-09-02T15:57:20,nrh2,12,64.0,1,55,301,6010,95.488,SCP,v3,elit,repair,-5.0,5.0,10,2,6000,paper,2036
2026-09-02T15:58:57,nrh2,13,64.0,1,55,301,6010,97.074,SCP,v3,elit,repair,-5.0,5.0,10,2,6000,paper,2037
2026-09-02T16:00:36,nrh2,14,64.0,1,55,301,6010,98.658,SCP,v3,elit,repair,-5.0,5.0,10,2,6000,paper,2038
2026-09-02T16:02:11,nrh2,15,65.0,1,56,301,6010,95.558,SCP,v3,elit,repair,-5.0,5.0,10,2,6000,paper,2039
2026-09-02T16:03:47,nrh2,16,66.0,1,56,301,6010,95.493,SCP,v3,elit,repair,-5.0,5.0,10,2,6000,paper,2040
2026-09-02T16:05:23,nrh2,17,65.0,1,56,301,6010,95.935,SCP,v3,elit,repair,-5.0,5.0,10,2,6000,paper,2041
2026-09-02T16:06:57,nrh2,18,67.0,1,57,301,6010,94.406,SCP,v3,elit,repair,-5.0,5.0,10,2,6000,paper,2042
2026-09-02T16:08:30,nrh2,19,64.0,1,54,301,6010,93.112,SCP,v3,elit,repair,-5.0,5.0,10,2,6000,paper,2043
2026-09-02T16:10:03,nrh2,20,66.0,1,56,301,6010,93.078,SCP,v3,elit,repair,-5.0,5.0,10,2,6000,paper,2044
2026-09-02T16:11:41,nrh2,21,64.0,1,55,301,6010,97.731,SCP,v3,elit,repair,-5.0,5.0,10,2,6000,paper,2045
2026-09-02T16:13:27,nrh2,22,64.0,1,55,301,6010,106.144,SCP,v3,elit,repair,-5.0,5.0,10,2,6000,paper,2046
2026-09-02T16:15:03,nrh2,23,64.0,1,53,301,6010,95.717,SCP,v3,elit,repair,-5.0,5.0,10,2,6000,paper,2047
2026-09-02T16:16:39,nrh2,24,65.0,1,56,301,6010,96.171,SCP,v3,elit,repair,-5.0,5.0,10,2,6000,paper,2048
2026-09-02T16:18:24,nrh2,25,64.0,1,55,301,6010,104.579,SCP,v3,elit,repair,-5.0,5.0,10,2,6000,paper,2049
2026-09-02T16:20:15,nrh2,26,67.0,1,56,301,6010,111.253,SCP,v3,elit,repair,-5.0,5.0,10,2,6000,paper,2050
2026-09-02T16:21:56,nrh2,27,67.0,1,56,301,6010,101.484,SCP,v3,elit,repair,-5.0,5.0,10,2,6000,paper,2051
2026-09-02T16:23:33,nrh2,28,64.0,1,55,301,6010,96.717,SCP,v3,elit,repair,-5.0,5.0,10,2,6000,paper,2052
2026-09-02T16:25:27,nrh2,29,65.0,1,56,301,6010,113.79,SCP,v3,elit,repair,-5.0,5.0,10,2,6000,paper,2053
2026-09-02T16:27:16,nrh2,30,68.0,1,56,301,6010,108.986,SCP,v3,elit,repair,-5.0,5.0,10,2,6000,paper,2054
2026-09-02T16:29:03,nrh2,31,64.0,1,55,301,6010,106.777,SCP,v3,elit,repair,-5.0,5.0,10,2,6000,paper,2055
